Uni, Yr_12, emppoprati, NAME_2006, Cert, median06, SSC2006
0.413536,0.407107,0.718433,"Abbotsford",0.179357,49348.80924,21003
0.354051,0.381243,0.786467,"Aberfeldie",0.264706,50460.93747,21005
0.1372,0.580033,0.677339,"Airport West",0.282766,36267.10887,21007
0.072877,0.738276,0.55284,"Albanvale",0.188847,25592.26633,21009
0.468774,0.350666,0.756665,"Albert Park",0.180559,63402.44694,21011
0.186829,0.622139,0.564629,"Albion",0.191032,27827.3442,21013
0.496536,0.324865,0.786564,"Alphington",0.178599,51312.64272,21015
0.199328,0.51997,0.683414,"Altona",0.280702,38029.16884,21017
0.136666,0.610825,0.684798,"Altona Meadows",0.252509,35261.83113,21019
0.112417,0.691754,0.553785,"Altona North",0.195829,27521.33637,21021
0.09071,0.681785,0.530702,"Ardeer",0.227505,25916.86863,21023
0.478777,0.344626,0.745819,"Armadale",0.176597,58030.28238,21025
0.297521,0.347107,0.0,"Arthurs Seat",0.355372,36065.61967,21027
0.329151,0.46332,0.687018,"Ascot Vale",0.207529,45491.61361,21029
0.442046,0.344524,0.747531,"Ashburton",0.213429,49962.67295,21031
0.359214,0.406894,0.718659,"Ashwood",0.233892,41519.91156,21033
0.256772,0.447799,0.755788,"Aspendale",0.295429,43991.31472,21035
0.202923,0.495222,0.76895,"Aspendale Gardens",0.301855,42255.28225,21037
0.139506,0.554938,0.771129,"Attwood",0.305556,40650.6273,21039
0.184846,0.592173,0.646,"Avondale Heights",0.222981,32839.61813,21041
0.402519,0.379124,0.725225,"Balaclava",0.218356,48121.37236,21043
0.225922,0.453032,0.747909,"Balnarring",0.321046,38211.70854,21045
0.301587,0.325397,0.0,"Balnarring Beach",0.373016,40939.73951,21047
0.484381,0.309451,0.740426,"Balwyn",0.206168,51827.83791,21049
0.467451,0.327943,0.751637,"Balwyn North",0.204606,49820.79728,21051
0.0,0.810427,0.0,"Bangholme",0.189573,19700.10653,21053
0.072677,0.630175,0.71809,"Baxter",0.297148,34018.48934,21055
0.136326,0.560875,0.718072,"Bayswater",0.302799,35855.17794,21057
0.117423,0.563089,0.728395,"Bayswater North",0.319488,36767.50259,21059
0.134569,0.518284,0.775281,"Beaconsfield",0.347148,42852.50988,21061
0.383518,0.351823,0.767549,"Beaumaris",0.264659,54784.99463,21063
0.229501,0.460693,0.752216,"Belgrave",0.309806,40378.88877,21065
0.184371,0.443223,0.772338,"Belgrave Heights",0.372405,40825.05433,21067
0.191901,0.424296,0.773286,"Belgrave South",0.383803,38592.94107,21069
0.190632,0.6122,0.561269,"Bellfield (Greater Melbourne)",0.197168,26726.9699,21071
0.349317,0.397912,0.752642,"Bentleigh",0.252771,45266.43844,21073
0.283412,0.433639,0.752623,"Bentleigh East",0.282949,42465.11295,21075
0.166959,0.50892,0.773388,"Berwick",0.324121,43715.37817,21077
0.097064,0.559017,0.710605,"Bittern",0.343919,36490.00533,21079
0.391588,0.353766,0.759518,"Black Rock",0.254646,54716.44067,21081
0.42736,0.32464,0.780281,"Blackburn",0.248,49526.73183,21083
0.313233,0.414294,0.737179,"Blackburn North",0.272473,39792.88778,21085
0.327001,0.412871,0.748982,"Blackburn South",0.260128,42603.45174,21087
0.166667,0.504433,0.630222,"Blairgowrie",0.328901,32384.40389,21089
0.159958,0.537821,0.707249,"Bonbeach",0.302221,39083.15577,21091
0.132106,0.547547,0.72889,"Boronia",0.320347,36739.22783,21093
0.408309,0.364083,0.691603,"Box Hill",0.227608,36497.23053,21095
0.367264,0.392053,0.732642,"Box Hill North",0.240682,39533.62609,21097
0.393559,0.361089,0.754115,"Box Hill South",0.245352,44677.00923,21099
0.0,0.0,0.0,"Braeside",0.0,108317.2784,21101
0.12066,0.737906,0.457989,"Braybrook",0.141434,20751.26523,21103
0.236229,0.438387,0.767349,"Briar Hill",0.325383,42658.71975,21105
0.461538,0.337179,0.736543,"Brighton",0.201282,62968.8913,21107
0.427118,0.347367,0.760366,"Brighton East",0.225515,54370.88793,21109
0.061943,0.780816,0.422503,"Broadmeadows",0.157241,20151.21406,21111
0.122931,0.669031,0.613663,"Brooklyn",0.208038,31690.66911,21113
0.453637,0.382834,0.708685,"Brunswick",0.163529,41956.40806,21115
0.454311,0.373659,0.719656,"Brunswick East",0.172029,43977.6545,21117
0.39119,0.417371,0.703616,"Brunswick West",0.191439,40809.01838,21119
0.302634,0.453406,0.718568,"Bulleen",0.24396,38961.42028,21121
0.193719,0.54841,0.68228,"Bundoora",0.257872,35369.38354,21123
0.485207,0.323471,0.815109,"Burnley",0.191321,57050.47644,21125
0.173346,0.571565,0.721499,"Burnside",0.255089,37760.07696,21127
0.369204,0.382655,0.70966,"Burwood",0.248142,40371.36585,21129
0.295751,0.446081,0.713556,"Burwood East",0.258168,36845.95177,21131
0.187923,0.605302,0.681912,"Cairnlea",0.206775,35435.51799,21133
0.522325,0.279477,0.772043,"Camberwell",0.198198,58129.97171,21135
0.061594,0.797464,0.411063,"Campbellfield",0.140942,16557.48711,21137
0.537108,0.274165,0.765545,"Canterbury",0.188727,64506.29591,21139
0.482947,0.401734,0.563325,"Carlton",0.115319,38296.66851,21141
0.584179,0.283372,0.76847,"Carlton North",0.132449,52848.05624,21143
0.41018,0.381876,0.733425,"Carnegie",0.207943,44156.30021,21145
0.229011,0.48523,0.752098,"Caroline Springs",0.285759,43718.04058,21147
0.144677,0.554254,0.679389,"Carrum",0.30107,37374.52653,21149
0.074202,0.624368,0.703744,"Carrum Downs",0.30143,36169.56227,21151
0.423825,0.367909,0.72823,"Caulfield",0.208266,45906.79388,21153
0.449235,0.365786,0.709318,"Caulfield East",0.184979,43775.40033,21155
0.4964,0.3244,0.751134,"Caulfield North",0.1792,52882.81611,21157
0.426875,0.346999,0.770644,"Caulfield South",0.226127,49504.58561,21159
0.305457,0.446943,0.693924,"Chadstone",0.2476,36868.41588,21161
0.17652,0.517232,0.705222,"Chelsea",0.306248,36486.24642,21163
0.143822,0.545577,0.740615,"Chelsea Heights",0.310601,37308.42542,21165
0.247679,0.465184,0.750024,"Cheltenham",0.287137,41677.84488,21167
0.146667,0.528687,0.748283,"Chirnside Park",0.324646,39924.18622,21169
0.176359,0.592927,0.647115,"Clarinda",0.230714,30948.69789,21171
0.392169,0.443132,0.594061,"Clayton",0.164699,29192.56472,21173
0.200241,0.590893,0.623641,"Clayton South",0.208865,28698.85271,21175
0.544786,0.312279,0.750885,"Clifton Hill",0.142935,57645.73557,21177
0.306027,0.485085,0.671035,"Coburg",0.208889,35947.10957,21179
0.21411,0.566852,0.619679,"Coburg North",0.219039,31415.27578,21181
0.360913,0.475811,0.627817,"Collingwood",0.163277,40701.23494,21183
0.049159,0.80207,0.44186,"Coolaroo",0.148771,19797.72725,21185
0.083112,0.631364,0.721863,"Craigieburn",0.285524,36151.90748,21187
0.055035,0.660299,0.669873,"Cranbourne",0.284666,32609.05915,21189
0.085025,0.615469,0.736409,"Cranbourne East",0.299506,39027.07474,21191
0.06351,0.633372,0.724509,"Cranbourne North",0.303118,35790.06033,21193
0.060455,0.648521,0.701125,"Cranbourne West",0.291023,35607.88499,21197
0.440538,0.369183,0.770812,"Cremorne",0.190279,58333.65736,21199
0.061251,0.602837,0.666883,"Crib Point",0.335912,31029.49104,21201
0.168731,0.517813,0.721097,"Croydon",0.313456,37749.20887,21203
0.22168,0.46741,0.801399,"Croydon Hills",0.31091,45764.1733,21205
0.191584,0.482426,0.781327,"Croydon North",0.32599,43248.11724,21207
0.160401,0.52548,0.74812,"Croydon South",0.314119,38822.41283,21209
0.064181,0.782359,0.387513,"Dallas",0.15346,17557.71029,21211
0.133054,0.641717,0.501189,"Dandenong",0.225229,25791.73962,21213
0.122402,0.621642,0.61914,"Dandenong North",0.255955,29936.7024,21215
0.054652,0.813934,0.459583,"Dandenong South",0.131414,23629.44626,21217
0.079796,0.696134,0.572804,"Deer Park",0.22407,27605.43721,21219
0.109841,0.682328,0.630311,"Delahey",0.207831,30789.81785,21221
0.221719,0.527149,0.755355,"Derrimut",0.251131,40882.39692,21223
0.194754,0.444484,0.813185,"Diamond Creek",0.360762,44828.49839,21225
0.178205,0.501349,0.780738,"Dingley Village",0.320446,42365.06117,21227
0.372321,0.443879,0.720668,"Docklands",0.183799,66265.91076,21229
0.329792,0.447086,0.687743,"Doncaster",0.223122,38726.17321,21231
0.309827,0.439295,0.715742,"Doncaster East",0.250878,38767.47334,21233
0.313344,0.423473,0.74192,"Donvale",0.263183,45459.01661,21235
0.058235,0.715321,0.51949,"Doveton",0.226443,24944.53101,21237
0.125514,0.560494,0.623865,"Dromana",0.313992,30478.9968,21239
0.518371,0.284508,0.787234,"Eaglemont",0.19712,58629.05856,21241
0.541733,0.312282,0.748014,"East Melbourne",0.145985,64787.83357,21243
0.198589,0.476986,0.737194,"Edithvale",0.324425,41091.38932,21245
0.455453,0.3479,0.752544,"Elsternwick",0.196647,52335.95088,21247
0.314218,0.379257,0.803592,"Eltham",0.306524,48635.99913,21249
0.283138,0.405546,0.789628,"Eltham North",0.311317,49129.52729,21251
0.448688,0.366427,0.738074,"Elwood",0.184885,57027.71241,21253
0.157721,0.565405,0.684091,"Endeavour Hills",0.276873,33711.59647,21257
0.093139,0.654417,0.680827,"Epping",0.252444,32619.1325,21259
0.349143,0.40078,0.767809,"Essendon",0.250077,49209.15759,21261
0.255396,0.484712,0.744834,"Essendon North",0.259892,43942.37014,21263
0.3,0.423529,0.775148,"Essendon West",0.276471,45899.87322,21265
0.04918,0.69555,0.543655,"Eumemmerring",0.255269,26881.73266,21267
0.406633,0.409287,0.707697,"Fairfield",0.18408,43696.47668,21269
0.125672,0.673772,0.5405,"Fawkner",0.200556,24696.0693,21271
0.127026,0.546653,0.741696,"Ferntree Gully",0.32632,37553.28616,21273
0.311086,0.390271,0.723864,"Ferny Creek",0.298643,43393.02846,21275
0.444315,0.407247,0.650976,"Fitzroy",0.148439,44330.96773,21277
0.526447,0.322745,0.732081,"Fitzroy North",0.150808,50829.77176,21279
0.334617,0.510351,0.574181,"Flemington",0.155031,36578.77065,21281
0.31282,0.514746,0.59651,"Footscray",0.172435,29830.51313,21283
0.299278,0.445201,0.728362,"Forest Hill",0.255521,38732.56653,21285
0.11932,0.578563,0.646017,"Frankston",0.302118,32899.10871,21287
0.041637,0.723977,0.52977,"Frankston North",0.234386,25032.97235,21289
0.211195,0.459256,0.75672,"Frankston South",0.329549,43549.37504,21291
0.39,0.35,0.794314,"Gardenvale",0.26,49344.74873,21293
0.113043,0.623458,0.655612,"Gladstone Park",0.263498,32952.11346,21295
0.421095,0.371602,0.710804,"Glen Huntly",0.207302,40724.70481,21297
0.506101,0.290955,0.782017,"Glen Iris",0.202944,57832.28658,21299
0.379193,0.383879,0.715283,"Glen Waverley",0.236927,41556.60305,21301
0.140075,0.624637,0.586767,"Glenroy",0.235288,29397.18445,21303
0.21595,0.463262,0.798742,"Gowanbrae",0.320789,47344.34105,21305
0.228166,0.455805,0.764649,"Greensborough",0.316029,42776.86829,21307
0.148936,0.573589,0.753251,"Greenvale",0.277475,38865.17969,21309
0.105179,0.663187,0.606182,"Hadfield",0.231634,29725.35416,21311
0.113039,0.623332,0.680076,"Hallam",0.263629,32993.02832,21313
0.412175,0.357641,0.741439,"Hampton",0.230184,55476.34818,21315
0.3042,0.450148,0.688108,"Hampton East",0.245651,40040.40168,21317
0.09312,0.637848,0.66911,"Hampton Park",0.269032,32718.5985,21319
0.243478,0.395652,0.831224,"Harkaway",0.36087,43376.79942,21321
0.05194,0.643582,0.590556,"Hastings",0.304478,27747.03715,21323
0.542335,0.28725,0.767219,"Hawthorn",0.170415,56839.93279,21325
0.537747,0.285127,0.766477,"Hawthorn East",0.177126,56999.84927,21327
0.260593,0.449859,0.75689,"Heatherton",0.289548,46985.00878,21329
0.238703,0.438054,0.749676,"Heathmont",0.323243,42302.29582,21331
0.430104,0.335986,0.770055,"Heidelberg",0.23391,48524.52759,21333
0.252576,0.5064,0.660324,"Heidelberg Heights",0.241024,36448.63313,21335
0.142969,0.646484,0.472613,"Heidelberg West",0.210547,23404.37661,21337
0.268045,0.455131,0.745706,"Highett",0.276824,42933.43576,21339
0.144879,0.558038,0.734567,"Hillside (Melton)",0.297083,39891.5522,21341
0.139373,0.442509,0.851064,"HMAS Cerberus",0.418118,47892.5281,21343
0.129525,0.589499,0.708476,"Hoppers Crossing",0.280975,37915.19917,21345
0.346922,0.418605,0.736237,"Hughesdale",0.234473,42883.29246,21347
0.314381,0.445931,0.761745,"Huntingdale",0.239688,38043.9389,21349
0.451646,0.341805,0.759891,"Ivanhoe",0.20655,49679.04551,21353
0.506729,0.283126,0.807235,"Ivanhoe East",0.210145,59487.19905,21355
0.082317,0.675813,0.551515,"Jacana",0.24187,25738.51021,21357
0.05036,0.664269,0.708134,"Junction Village",0.285372,34005.81361,21359
0.326667,0.386667,0.759136,"Kallista",0.286667,40170.82755,21361
0.314286,0.378571,0.785206,"Kalorama",0.307143,43249.73347,21363
0.146174,0.610026,0.647277,"Kealba",0.243799,34415.42746,21365
0.196382,0.513889,0.755563,"Keilor",0.289729,43727.30598,21367
0.129617,0.630772,0.659136,"Keilor Downs",0.239611,32217.16362,21369
0.178357,0.5625,0.683959,"Keilor East",0.259143,35764.29716,21371
0.171518,0.519751,0.750515,"Keilor Lodge",0.308732,39154.63986,21373
0.166667,0.630952,0.0,"Keilor North",0.202381,39076.10545,21375
0.11083,0.616846,0.659911,"Keilor Park",0.272324,32734.86944,21377
0.456171,0.359483,0.754243,"Kensington",0.184346,55527.34594,21379
0.522349,0.297295,0.747381,"Kew",0.180356,57443.56348,21381
0.492054,0.317237,0.759242,"Kew East",0.190709,53254.2563,21383
0.122384,0.66565,0.66096,"Keysborough",0.211966,31241.43199,21385
0.104656,0.558289,0.739361,"Kilsyth",0.337055,36529.88736,21387
0.114428,0.527363,0.80743,"Kilsyth South",0.358209,43130.2263,21389
0.079983,0.747617,0.538063,"Kings Park",0.1724,24452.7244,21391
0.237636,0.547206,0.650417,"Kingsbury",0.215157,31368.40781,21393
0.320675,0.463666,0.706353,"Kingsville",0.215659,42374.44645,21395
0.182138,0.508254,0.750203,"Knoxfield",0.309608,39743.29419,21397
0.530612,0.298469,0.717949,"Kooyong",0.170918,74599.83768,21399
0.079636,0.725347,0.543328,"Lalor",0.195017,24547.23928,21401
0.107281,0.547067,0.76229,"Langwarrin",0.345652,40101.65555,21403
0.147541,0.502732,0.782847,"Langwarrin South",0.349727,39707.9358,21405
0.107831,0.671997,0.560327,"Laverton",0.220172,29280.08029,21407
0.0,0.0,0.0,"Laverton North",0.0,0.0,21409
0.130323,0.529156,0.740776,"Lilydale",0.340521,38136.04955,21411
0.296279,0.420763,0.739789,"Lower Plenty",0.282958,46994.25107,21413
0.159909,0.551724,0.750756,"Lynbrook",0.288367,40622.37173,21415
0.220472,0.472441,0.819608,"Lyndhurst",0.307087,41702.2739,21417
0.188166,0.500172,0.815934,"Lysterfield",0.311662,48315.78083,21419
0.19917,0.46473,0.864979,"Lysterfield South",0.3361,58987.56404,21421
0.307782,0.418815,0.753313,"Macleod",0.273403,45311.30634,21423
0.212846,0.592884,0.589921,"Maidstone",0.19427,29905.59564,21425
0.498611,0.31183,0.74216,"Malvern",0.189559,61676.17576,21427
0.469108,0.31788,0.750747,"Malvern East",0.213012,53930.6339,21429
0.293946,0.473684,0.740687,"Maribyrnong",0.232369,42789.35447,21431
0.141951,0.527359,0.627389,"McCrae",0.33069,32837.88233,21433
0.404953,0.341588,0.791257,"McKinnon",0.25346,49986.59083,21435
0.072351,0.767034,0.456661,"Meadow Heights",0.160615,20294.12568,21437
0.449917,0.404378,0.646268,"Melbourne",0.145706,55671.77367,21439
0.275707,0.439428,0.752408,"Mentone",0.284865,44111.41035,21443
0.2,0.414286,0.0,"Merricks Beach",0.385714,38072.61019,21447
0.492278,0.340927,0.742769,"Middle Park",0.166795,66827.31075,21449
0.142503,0.585157,0.714302,"Mill Park",0.27234,35161.32529,21451
0.305451,0.432733,0.739832,"Mitcham",0.261815,43156.71284,21453
0.126421,0.522408,0.727334,"Monbulk",0.351171,33236.48845,21455
0.510425,0.27231,0.77699,"Mont Albert",0.217264,56107.65001,21457
0.442352,0.317064,0.773164,"Mont Albert North",0.240584,49402.39539,21459
0.267208,0.415562,0.772815,"Montmorency",0.31723,44854.85402,21461
0.17318,0.466404,0.761022,"Montrose",0.360416,40005.12255,21463
0.372643,0.411311,0.753131,"Moonee Ponds",0.216045,50959.22199,21465
0.23538,0.494152,0.707906,"Moorabbin",0.270468,40079.60071,21467
0.138533,0.529706,0.742593,"Mooroolbark",0.331762,37644.12227,21469
0.241074,0.45885,0.726097,"Mordialloc",0.300076,43172.72728,21471
0.156907,0.524493,0.694249,"Mornington",0.3186,35976.81478,21473
0.300813,0.378049,0.733244,"Mount Dandenong",0.321138,40014.85908,21475
0.291787,0.4003,0.745476,"Mount Eliza",0.307914,47302.54892,21477
0.124054,0.51812,0.733572,"Mount Evelyn",0.357826,37916.98793,21479
0.205612,0.445319,0.739313,"Mount Martha",0.349069,42073.94213,21481
0.371928,0.387869,0.738059,"Mount Waverley",0.240203,44149.99446,21483
0.216967,0.521697,0.698449,"Mulgrave",0.261337,36727.8799,21485
0.40565,0.372971,0.762376,"Murrumbeena",0.221379,44812.30133,21487
0.107679,0.593503,0.714576,"Narre Warren",0.298818,36287.91578,21489
0.154591,0.517241,0.77653,"Narre Warren North",0.328167,44640.37793,21493
0.139571,0.546357,0.759286,"Narre Warren South",0.314071,41017.69965,21495
0.306996,0.438171,0.735655,"Newport",0.254833,47332.58626,21497
0.232788,0.484079,0.757094,"Niddrie",0.283133,45557.75633,21499
0.122756,0.664012,0.569222,"Noble Park",0.213233,27689.758,21501
0.102157,0.648258,0.623607,"Noble Park North",0.249585,29616.37816,21503
0.477864,0.373507,0.652717,"North Melbourne",0.14863,41816.83444,21505
0.393377,0.310596,0.77336,"North Warrandyte",0.296026,51482.95595,21507
0.46323,0.354884,0.743702,"Northcote",0.181886,44921.76382,21509
0.386617,0.389095,0.686881,"Notting Hill",0.224287,38802.42492,21511
0.309643,0.439365,0.737369,"Nunawading",0.250992,40654.66963,21513
0.233998,0.473815,0.751146,"Oak Park",0.292186,40317.93084,21515
0.312072,0.443068,0.704444,"Oakleigh",0.24486,39938.02877,21517
0.306658,0.461135,0.715271,"Oakleigh East",0.232207,37528.41536,21519
0.220322,0.513745,0.715363,"Oakleigh South",0.265934,36249.93512,21521
0.107792,0.557143,0.797927,"Officer",0.335065,42503.88629,21523
0.281734,0.394221,0.750518,"Olinda",0.324045,41064.1621,21525
0.42668,0.350172,0.763409,"Ormond",0.223149,45843.95326,21527
0.33908,0.363114,0.767539,"Park Orchards",0.297806,48991.9993,21531
0.281084,0.424798,0.77437,"Parkdale",0.294118,46328.25607,21533
0.619926,0.260938,0.701422,"Parkville",0.119135,50124.29599,21535
0.221621,0.51759,0.696036,"Pascoe Vale",0.260789,38957.92522,21537
0.273508,0.4693,0.735079,"Pascoe Vale South",0.257192,42475.39936,21539
0.147749,0.536159,0.74695,"Patterson Lakes",0.316092,45204.59436,21541
0.204461,0.457249,0.804104,"Plenty",0.33829,45829.35734,21543
0.274695,0.433624,0.792903,"Point Cook",0.291681,51505.93328,21545
0.384457,0.428077,0.700162,"Port Melbourne",0.187466,63216.95454,21547
0.189873,0.620253,0.0,"Portsea",0.189873,51665.40963,21549
0.438913,0.387427,0.731371,"Prahran",0.17366,55756.65422,21551
0.249649,0.54499,0.624785,"Preston",0.205361,32903.72296,21553
0.594842,0.278702,0.754357,"Princes Hill",0.126456,53347.18691,21555
0.288097,0.392722,0.804249,"Research",0.319181,47218.56028,21557
0.157586,0.615855,0.608368,"Reservoir",0.226559,29921.96623,21559
0.409338,0.422573,0.709842,"Richmond",0.168089,51757.19787,21561
0.21986,0.48261,0.730793,"Ringwood",0.29753,39162.70149,21563
0.220281,0.465663,0.743023,"Ringwood East",0.314056,40433.29166,21565
0.26396,0.42996,0.778881,"Ringwood North",0.30608,45591.33587,21567
0.378115,0.420368,0.695699,"Ripponlea",0.201517,46148.35776,21569
0.380679,0.364258,0.762999,"Rosanna",0.255063,47773.90694,21571
0.084469,0.604321,0.597898,"Rosebud",0.311211,28087.66188,21573
0.056436,0.641091,0.522236,"Rosebud West",0.302473,23816.39719,21575
0.200778,0.49305,0.780524,"Rowville",0.306172,42808.53598,21577
0.127155,0.645725,0.614299,"Roxburgh Park",0.22712,31307.34578,21579
0.106393,0.599123,0.544447,"Rye",0.294484,28180.37691,21581
0.121569,0.554902,0.626875,"Safety Beach",0.323529,31239.28532,21583
0.208892,0.462244,0.828311,"Saint Helena",0.328864,47051.93791,21585
0.425649,0.33282,0.75258,"Sandringham",0.241531,56335.72344,21587
0.321799,0.358131,0.775261,"Sassafras",0.320069,45245.13369,21589
0.176817,0.511033,0.771563,"Scoresby",0.312151,38856.08777,21591
0.138987,0.572484,0.722281,"Seabrook",0.288529,39245.92773,21593
0.115842,0.59008,0.653646,"Seaford",0.294078,34172.20526,21595
0.206542,0.502804,0.717901,"Seaholme",0.290654,40639.69109,21597
0.358541,0.436153,0.720437,"Seddon",0.205307,44930.75183,21599
0.228155,0.401699,0.792892,"Selby",0.370146,41092.30235,21601
0.36,0.368,0.0,"Sherbrooke",0.272,53225.38863,21605
0.10692,0.574662,0.774168,"Skye",0.318418,41577.77673,21609
0.23427,0.427041,0.684211,"Somers",0.338688,40385.01231,21611
0.0,0.0,0.0,"Somerton",0.0,0.0,21613
0.110683,0.536285,0.760531,"Somerville",0.353032,38604.96842,21615
0.235139,0.463672,0.584433,"Sorrento",0.301189,36770.20145,21617
0.249507,0.519724,0.694362,"South Kingsville",0.230769,43020.87992,21619
0.421988,0.399648,0.690832,"South Melbourne",0.178364,57554.64691,21621
0.128509,0.556725,0.768084,"South Morang",0.314766,40229.29337,21623
0.474914,0.366111,0.713615,"South Yarra",0.158975,59336.12128,21625
0.459327,0.371844,0.704087,"Southbank",0.168829,62749.82269,21627
0.227307,0.512378,0.728432,"Spotswood",0.260315,43702.95944,21629
0.130529,0.708899,0.546292,"Springvale",0.160572,24528.9329,21631
0.097746,0.723948,0.601042,"Springvale South",0.178307,27181.31946,21633
0.094183,0.724798,0.489785,"St Albans",0.181019,22338.4118,21635
0.381494,0.433022,0.674745,"St Kilda",0.185485,51779.23003,21637
0.404929,0.399629,0.717578,"St Kilda East",0.195442,48808.27931,21639
0.42354,0.402586,0.719556,"St Kilda West",0.173874,60360.94472,21641
0.322564,0.405014,0.786953,"Strathmore",0.272422,47686.60504,21643
0.202147,0.479428,0.720641,"Strathmore Heights",0.318426,43371.06517,21645
0.183283,0.614056,0.592904,"Sunshine",0.202662,29835.38843,21647
0.106582,0.72644,0.548104,"Sunshine North",0.166978,24378.67024,21649
0.09558,0.730849,0.527887,"Sunshine West",0.173571,24855.0607,21651
0.509463,0.279778,0.777272,"Surrey Hills",0.210759,57013.38936,21653
0.149875,0.578694,0.692989,"Sydenham",0.271431,37011.32201,21655
0.166797,0.524967,0.759874,"Tarneit",0.308235,43342.62172,21657
0.164259,0.564205,0.738979,"Taylors Hill",0.271536,40578.96285,21659
0.163344,0.566445,0.744825,"Taylors Lakes",0.27021,38543.10141,21661
0.242594,0.413131,0.757235,"Tecoma",0.344275,42981.13558,21663
0.338419,0.41791,0.73011,"Templestowe",0.243671,44796.91999,21665
0.319588,0.424112,0.725136,"Templestowe Lower",0.2563,40922.35302,21667
0.146762,0.490749,0.787127,"The Basin",0.362489,40368.65098,21669
0.283058,0.39876,0.72541,"The Patch",0.318182,38792.09736,21671
0.088564,0.720918,0.548214,"Thomastown",0.190519,24542.93281,21673
0.360116,0.439066,0.693804,"Thornbury",0.200818,38066.3773,21675
0.476224,0.344088,0.711198,"Toorak",0.179689,64624.23576,21677
0.081034,0.612069,0.542096,"Tootgarook",0.306897,26018.99851,21679
0.0,0.0,0.0,"Tottenham",0.0,42086.59123,21681
0.445507,0.370937,0.711281,"Travancore",0.183556,49668.55542,21683
0.0,0.0,0.0,"Tremont",0.0,0.0,21685
0.195911,0.505111,0.771331,"Truganina",0.298978,43591.83412,21687
0.103368,0.62228,0.673834,"Tullamarine",0.274352,34374.66499,21689
0.110299,0.524252,0.746835,"Tyabb",0.365449,37533.41871,21691
0.18839,0.470427,0.782941,"Upper Ferntree Gully",0.341183,38812.83103,21693
0.208268,0.443128,0.771925,"Upwey",0.348605,40330.47453,21695
0.286691,0.436969,0.737163,"Vermont",0.27634,42563.58898,21697
0.307393,0.432685,0.756656,"Vermont South",0.259922,42650.58097,21699
0.319269,0.42623,0.743879,"Viewbank",0.254501,43442.40323,21701
0.1341,0.551724,0.738636,"Wandin East",0.314176,33771.91622,21703
0.101904,0.552072,0.689189,"Wandin North",0.346025,35211.29262,21705
0.219474,0.486862,0.771035,"Wantirna",0.293663,40523.50864,21707
0.2533,0.474509,0.762109,"Wantirna South",0.272191,41095.79844,21709
0.336641,0.364281,0.765664,"Warrandyte",0.299079,49148.9258,21711
0.260425,0.407604,0.805805,"Warranwood",0.331971,48714.32737,21715
0.278008,0.452282,0.798768,"Waterways",0.26971,48107.5628,21717
0.188679,0.501179,0.721131,"Watsonia",0.310142,39259.06315,21719
0.195982,0.521429,0.737595,"Watsonia North",0.282589,39752.72929,21721
0.202957,0.452957,0.826146,"Wattle Glen",0.344086,42334.87872,21723
0.113996,0.598828,0.6829,"Werribee",0.287176,36024.77183,21725
0.250392,0.540512,0.644762,"West Footscray",0.209096,33076.949,21727
0.379634,0.47306,0.602665,"West Melbourne",0.147306,51180.12045,21729
0.093894,0.641301,0.667689,"Westmeadows",0.264805,33844.95715,21731
0.317336,0.434259,0.731979,"Wheelers Hill",0.248405,43511.50794,21733
0.39013,0.365316,0.765103,"Williamstown",0.244555,53689.33882,21735
0.254088,0.491824,0.701511,"Williamstown North",0.254088,44583.09164,21737
0.384819,0.422051,0.711913,"Windsor",0.19313,51129.58301,21739
0.205508,0.456568,0.79799,"Wonga Park",0.337924,49725.13725,21741
0.105965,0.591865,0.72132,"Wyndham Vale",0.302171,38674.92479,21743
0.235908,0.449269,0.770547,"Yallambie",0.314823,47289.00171,21745
0.325345,0.445168,0.73322,"Yarraville",0.229487,46422.73561,21747
0.0826,0.630608,0.628992,"Bell Park",0.286792,28891.37743,22006
0.080464,0.644436,0.637581,"Bell Post Hill",0.2751,30312.84283,22011
0.191378,0.494332,0.689758,"Belmont",0.31429,34262.72988,22016
0.085145,0.663043,0.579422,"Breakwater",0.251812,25859.3386,22021
0.050658,0.724868,0.55677,"Corio",0.224474,25166.48055,22026
0.356083,0.41543,0.731343,"Drumcondra",0.228487,49891.55437,22031
0.254511,0.434473,0.738287,"East Geelong",0.311016,40200.7775,22036
0.288861,0.425603,0.747508,"Geelong",0.285536,42841.76394,22041
0.250282,0.459605,0.698247,"Geelong West",0.290113,39610.67769,22046
0.139195,0.537225,0.717202,"Grovedale",0.323581,34821.24834,22051
0.158875,0.522358,0.709831,"Hamlyn Heights",0.318767,36139.22568,22056
0.134082,0.54873,0.698169,"Herne Hill",0.317188,33191.97415,22061
0.283391,0.408025,0.74497,"Highton",0.308584,42960.49959,22066
0.100733,0.591575,0.743119,"Lovely Banks",0.307692,34369.57134,22071
0.260274,0.456621,0.722644,"Manifold Heights",0.283105,41338.88888,22076
0.088737,0.573379,0.695804,"Marshall",0.337884,35129.02409,22081
0.080429,0.565684,0.71618,"Moolap",0.353887,33485.20328,22086
0.072907,0.624212,0.624888,"Newcomb",0.30288,29176.23874,22091
0.32303,0.396364,0.730287,"Newtown (Geelong)",0.280606,43880.99209,22096
0.035913,0.776682,0.46002,"Norlane",0.187405,20412.43358,22101
0.139283,0.594662,0.623853,"North Geelong",0.266055,31356.4799,22106
0.110526,0.578947,0.604396,"North Shore",0.310526,31705.60578,22111
0.320755,0.419811,0.0,"Rippleside",0.259434,47524.88813,22116
0.247465,0.40568,0.761044,"South Geelong",0.346856,41417.59439,22121
0.067776,0.619318,0.731628,"St Albans Park",0.312906,34122.42102,22126
0.099206,0.65873,0.544737,"Thomson (Geelong)",0.242063,25401.35647,22131
0.317861,0.370333,0.820461,"Wandana Heights",0.311806,51639.09419,22136
0.193244,0.429694,0.789142,"Waurn Ponds",0.377062,42509.11555,22141
0.036225,0.742135,0.538352,"Whittington",0.22164,23937.77953,22146
0.213867,0.497758,0.750086,"Alfredton",0.288375,39563.51743,23006
0.264706,0.431373,0.0,"Bakery Hill",0.303922,34138.90877,23011
0.313138,0.410824,0.714383,"Ballarat Central",0.276038,37635.68163,23016
0.163407,0.564792,0.623472,"Ballarat East",0.271801,30655.6873,23021
0.195931,0.510171,0.716578,"Ballarat North",0.293897,35360.82367,23026
0.210526,0.515611,0.680642,"Black Hill",0.273863,31874.55123,23031
0.122088,0.546132,0.68097,"Brown Hill",0.33178,31167.73088,23036
0.165231,0.51527,0.704225,"Canadian",0.319499,32765.42187,23041
0.092891,0.621173,0.679979,"Delacombe",0.285937,32089.81508,23046
0.136508,0.612698,0.575472,"Eureka",0.250794,28662.78578,23051
0.20826,0.531634,0.649339,"Golden Point (Ballarat)",0.260105,31495.85664,23056
0.153242,0.491159,0.792564,"Invermay Park",0.355599,40699.94324,23061
0.276786,0.445313,0.769058,"Lake Gardens",0.277902,45768.8383,23066
0.398331,0.355842,0.742574,"Lake Wendouree",0.245827,49980.75395,23071
0.04712,0.591623,0.795812,"Mitchell Park",0.361257,32370.93257,23076
0.24374,0.470785,0.715243,"Mount Clear",0.285476,36167.09672,23081
0.179513,0.557809,0.638945,"Mount Pleasant",0.262677,31671.00249,23086
0.270096,0.401929,0.795527,"Nerrina",0.327974,41777.82346,23091
0.3125,0.395833,0.778049,"Newington",0.291667,41913.32586,23096
0.136455,0.570569,0.631016,"Redan",0.292977,28911.99009,23101
0.07018,0.669189,0.598382,"Sebastopol",0.260631,27077.67789,23106
0.302544,0.42838,0.707497,"Soldiers Hill",0.269076,36396.7731,23111
0.08878,0.677659,0.562976,"Wendouree",0.233561,27312.00303,23116
0.134583,0.521295,0.777015,"Ascot (Bendigo)",0.344123,38022.43543,24006
0.243373,0.488981,0.675831,"Bendigo",0.267646,35108.26212,24011
0.077596,0.665574,0.571116,"California Gully",0.256831,25724.12384,24016
0.091156,0.601814,0.622556,"Eaglehawk",0.307029,28512.03716,24021
0.171118,0.510386,0.717949,"East Bendigo",0.318497,36134.82624,24026
0.119681,0.573138,0.754993,"Epsom",0.307181,34676.16469,24031
0.245054,0.461391,0.711367,"Flora Hill",0.293555,33469.62106,24036
0.141509,0.509434,0.0,"Golden Gully",0.349057,32453.03673,24041
0.132327,0.555033,0.67706,"Golden Square",0.312639,32158.2275,24046
0.091136,0.553059,0.739675,"Huntly",0.355805,32720.63547,24051
0.179276,0.519737,0.693069,"Ironbark",0.300987,33137.99129,24056
0.151786,0.5625,0.0,"Jackass Flat",0.285714,37738.11177,24061
0.237087,0.458933,0.775891,"Junortoun",0.30398,39040.68797,24066
0.100806,0.617173,0.652432,"Kangaroo Flat",0.282021,29629.14818,24071
0.261038,0.439969,0.740812,"Kennington",0.298993,38111.29916,24076
0.069839,0.670581,0.523869,"Long Gully",0.25958,23918.65959,24081
0.14949,0.483012,0.782757,"Maiden Gully",0.367497,36703.1343,24086
0.150327,0.490196,0.0,"Myers Flat",0.359477,34612.2817,24091
0.125416,0.587125,0.634349,"North Bendigo",0.287458,30135.05308,24096
0.297297,0.416385,0.743243,"Quarry Hill",0.286318,39496.92604,24101
0.102493,0.590028,0.684358,"Sailors Gully",0.307479,28940.80332,24106
0.251232,0.465869,0.755618,"Spring Gully",0.282899,39561.66767,24111
0.212474,0.495772,0.718265,"Strathdale",0.291755,38212.22692,24116
0.235922,0.420273,0.802608,"Strathfieldsaye",0.343806,40509.0441,24121
0.088372,0.665116,0.626168,"West Bendigo",0.246512,26857.07492,24126
0.106626,0.572734,0.653699,"White Hills",0.32064,30828.98923,24131
0.29703,0.393564,0.699752,"Aireys Inlet",0.309406,34970.89757,25003
0.087248,0.590604,0.0,"Airly",0.322148,29093.96838,25005
0.033333,0.655556,0.0,"Alberton",0.311111,25070.80203,25007
0.162727,0.531818,0.706691,"Alexandra",0.305455,31813.84354,25009
0.158621,0.534483,0.772517,"Allansford",0.306897,37761.668,25011
0.165746,0.569061,0.708791,"Allendale",0.265193,35288.72011,25013
0.116667,0.533333,0.0,"Allestree",0.35,32194.99509,25015
0.080402,0.60804,0.575448,"Alma",0.311558,21228.22546,25017
0.15,0.50625,0.0,"Amphitheatre",0.34375,24625.7737,25019
0.16285,0.51145,0.724936,"Anakie",0.3257,38301.98053,25021
0.239148,0.431613,0.695759,"Anglesea",0.329238,33354.75569,25023
0.1875,0.486111,0.72332,"Apollo Bay",0.326389,29095.52943,25025
0.034091,0.795455,0.0,"Apsley",0.170455,27636.25948,25027
0.089059,0.631969,0.614068,"Ararat",0.278973,29477.18812,25029
0.161039,0.553247,0.769029,"Arcadia",0.285714,35803.8383,25031
0.074074,0.641975,0.0,"Arcadia South",0.283951,23056.0204,25033
0.084553,0.682927,0.68277,"Ardmona",0.23252,27881.77482,25035
0.142157,0.490196,0.764706,"Arthurs Creek",0.367647,38964.60598,25037
0.131579,0.552632,0.0,"Ascot (Ballarat)",0.315789,29521.08536,25039
0.104213,0.580931,0.709534,"Avenel",0.314856,29803.80924,25041
0.080775,0.639742,0.599678,"Avoca",0.279483,25303.72561,25043
0.174419,0.517442,0.0,"Avonsleigh",0.30814,37269.81398,25045
0.192623,0.422131,0.741803,"Axe Creek",0.385246,34805.41632,25047
0.148936,0.58156,0.0,"Axedale",0.269504,29241.8519,25049
0.14735,0.560424,0.696113,"Bacchus Marsh",0.292226,36037.48429,25051
0.116,0.576,0.71371,"Baddaginnie",0.308,32352.6872,25053
0.101031,0.593814,0.697626,"Badger Creek",0.305155,30774.46284,25055
0.121212,0.554545,0.734756,"Bagshot",0.324242,35239.21181,25057
0.120096,0.587403,0.6608,"Bairnsdale",0.292501,29841.1223,25059
0.098936,0.596809,0.647619,"Ballan",0.304255,30000.04831,25061
0.139706,0.529412,0.0,"Balliang",0.330882,36639.04553,25063
0.111717,0.553134,0.796657,"Balliang East",0.33515,37686.65047,25065
0.179487,0.50641,0.0,"Balmattum",0.314103,31191.49983,25067
0.135231,0.594306,0.0,"Balmoral",0.270463,31828.63968,25069
0.222543,0.433526,0.753582,"Balnarring - Bal",0.343931,46345.32722,25071
0.127049,0.545082,0.770161,"Bamawm",0.327869,34026.25833,25073
0.0,0.0,0.0,"Bandiana",0.0,50114.55332,25075
0.108567,0.536928,0.744255,"Bannockburn",0.354505,36454.06945,25077
0.075472,0.641509,0.0,"Banyan",0.283019,30752.9977,25079
0.201646,0.40535,0.806186,"Baranduda",0.393004,45570.15335,25081
0.183099,0.495775,0.66573,"Barkers Creek",0.321127,25194.42101,25083
0.024,0.768,0.0,"Barmah",0.208,16067.39269,25085
0.110613,0.515695,0.76304,"Barnawartha",0.373692,37016.29939,25087
0.099432,0.65625,0.498567,"Barongarook",0.244318,22606.33104,25089
0.162791,0.472868,0.76834,"Barongarook West",0.364341,32453.03673,25091
0.22549,0.539216,0.0,"Barwon Downs",0.235294,23301.15995,25093
0.278027,0.382447,0.728781,"Barwon Heads",0.339526,39768.65852,25095
0.092362,0.62167,0.648841,"Bass",0.285968,27649.9435,25097
0.176344,0.447312,0.748945,"Batesford",0.376344,42170.21584,25099
0.0,0.0,0.0,"Baw Baw Village",0.0,0.0,25101
0.202073,0.471503,0.727273,"Beaconsfield - Bal",0.326425,44093.58175,25103
0.224344,0.406921,0.792487,"Beaconsfield Upper",0.368735,45032.33538,25105
0.018293,0.713415,0.0,"Bealiba",0.268293,14594.60786,25107
0.090078,0.64752,0.601573,"Beaufort",0.262402,25269.39479,25109
0.097087,0.68932,0.0,"Beeac",0.213592,28539.40521,25111
0.210437,0.498582,0.662712,"Beechworth",0.290981,32355.51395,25113
0.2,0.5,0.0,"Belgrave South - Bal",0.3,45431.57543,25115
0.289948,0.400773,0.747759,"Bellbrae",0.309278,40775.09248,25117
0.112108,0.457399,0.0,"Bellbridge",0.430493,41226.45244,25119
0.0,0.0,0.0,"Bellfield (Grampians)",0.0,34861.42536,25121
0.182796,0.505376,0.0,"Bemm River",0.311828,20712.14218,25123
0.081081,0.585586,0.0,"Bena",0.333333,33807.75533,25125
0.120099,0.577796,0.690501,"Benalla",0.302105,31856.78518,25127
0.073034,0.679775,0.0,"Benambra",0.247191,23572.10367,25129
0.072165,0.680412,0.0,"Benayeo",0.247423,33055.13389,25131
0.061947,0.699115,0.0,"Bendoc",0.238938,22586.85378,25133
0.216667,0.504167,0.0,"Benloch",0.279167,31897.25474,25135
0.13468,0.498316,0.0,"Beremboke",0.367003,29542.90047,25137
0.076923,0.636364,0.0,"Berringa",0.286713,24399.98726,25139
0.0,0.0,0.0,"Berringama",0.0,0.0,25141
0.119792,0.598958,0.0,"Berriwillock",0.28125,26532.41469,25143
0.108108,0.594595,0.0,"Berrybank",0.297297,38646.03605,25145
0.121212,0.618182,0.0,"Berrys Creek",0.260606,31787.56093,25147
0.034483,0.732759,0.0,"Bessiebelle",0.232759,29349.92062,25149
0.121739,0.586957,0.73991,"Bete Bolong",0.291304,26747.44939,25151
0.173529,0.467647,0.776786,"Bethanga",0.358824,36202.45993,25153
0.047826,0.691304,0.0,"Beulah",0.26087,28163.09449,25155
0.130137,0.541096,0.732877,"Beverford",0.328767,28539.40521,25157
0.09781,0.585401,0.747093,"Beveridge",0.316788,33081.31202,25159
0.116667,0.533333,0.0,"Big Hill (Bendigo)",0.35,29223.60653,25161
0.134328,0.641791,0.0,"Binginwarri",0.223881,23120.53081,25163
0.130542,0.600985,0.72439,"Birchip",0.268473,28452.897,25165
0.098077,0.659615,0.754826,"Birdwoodton",0.242308,31367.93856,25167
0.098958,0.578125,0.742782,"Birregurra",0.322917,32354.06185,25169
0.191489,0.574468,0.0,"Blackwood",0.234043,30044.6481,25171
0.154851,0.55597,0.696629,"Blampied",0.289179,28280.92916,25173
0.050704,0.676056,0.620739,"Blind Bight",0.273239,35241.69724,25175
0.0,0.0,0.0,"Bogong",0.0,46100.57227,25177
0.190083,0.520661,0.0,"Boho South",0.289256,24324.72512,25179
0.160819,0.538012,0.752212,"Boisdale",0.30117,34345.34208,25181
0.124601,0.530351,0.734628,"Bolwarra",0.345048,34222.46511,25183
0.207547,0.641509,0.0,"Bonang",0.150943,14581.69841,25185
0.142857,0.483283,0.782738,"Bonegilla",0.37386,40444.50808,25187
0.150442,0.415929,0.0,"Boneo",0.433628,44276.03544,25189
0.124183,0.568627,0.691974,"Bonnie Doon",0.30719,25016.82649,25191
0.027397,0.621005,0.0,"Bookaar",0.351598,32004.96443,25193
0.143084,0.524642,0.66248,"Boolarra",0.332273,30178.44747,25195
0.177305,0.468085,0.0,"Boolarra South",0.35461,30044.6481,25197
0.141176,0.505882,0.0,"Boorolite",0.352941,33213.58051,25199
0.141156,0.598639,0.755034,"Boort",0.260204,26980.40365,25201
0.040404,0.727273,0.0,"Boundary Bend",0.232323,27703.15916,25203
0.107438,0.644628,0.0,"Branxholme",0.247934,28915.71594,25205
0.355705,0.375839,0.0,"Breamlea",0.268456,40581.34834,25207
0.128458,0.551383,0.691235,"Briagolong",0.320158,30862.31091,25209
0.013572,0.823558,0.44062,"Bridgewater",0.16287,27877.09834,25211
0.041026,0.74359,0.0,"Bridgewater On Loddon",0.215385,26481.21595,25213
0.173585,0.50283,0.655042,"Bright",0.323585,27636.25948,25215
0.047945,0.650685,0.0,"Brim",0.30137,25263.28833,25217
0.16,0.6,0.0,"Brimpaen",0.24,35518.25862,25219
0.084447,0.631748,0.677368,"Broadford",0.283805,31832.44512,25221
0.091837,0.593637,0.762364,"Brookfield",0.314526,39928.12973,25223
0.246649,0.412869,0.745989,"Brown Hill - Bal",0.340483,40614.79818,25225
0.134228,0.624161,0.0,"Brucknell",0.241611,40366.31364,25227
0.097983,0.590778,0.0,"Bruthen",0.311239,23948.4144,25229
0.112782,0.586466,0.0,"Buangor",0.300752,32781.45336,25231
0.149254,0.60199,0.0,"Buchan",0.248756,20862.66647,25233
0.075188,0.684211,0.0,"Buchan South",0.240602,23572.10367,25235
0.192308,0.569231,0.0,"Buckland",0.238462,29770.96758,25237
0.224138,0.396552,0.0,"Budgeree",0.37931,24486.8282,25239
0.115385,0.628205,0.0,"Buffalo",0.25641,32507.77283,25241
0.136646,0.586957,0.691131,"Buffalo River",0.276398,30295.52192,25243
0.13253,0.5,0.820359,"Bulart",0.36747,39076.10545,25245
0.07234,0.544681,0.745763,"Bulla",0.382979,42212.02814,25247
0.057971,0.652174,0.0,"Bullarook",0.289855,30044.6481,25249
0.181034,0.50431,0.0,"Bullarto",0.314655,21185.21852,25251
0.218362,0.439206,0.757353,"Bullengarook",0.342432,40155.3362,25253
0.157895,0.519451,0.78341,"Buln Buln",0.322654,36140.88181,25255
0.152381,0.603175,0.829508,"Bunbartha",0.244444,35288.72011,25257
0.080586,0.567766,0.0,"Bundalong",0.351648,34058.62915,25259
0.0625,0.697917,0.0,"Bungador",0.239583,39678.20261,25261
0.104027,0.630872,0.762542,"Bungaree",0.265101,32562.50894,25263
0.263035,0.438196,0.719555,"Buninyong",0.29877,37543.49451,25265
0.090171,0.562669,0.728339,"Bunyip",0.34716,31236.29873,25267
0.080402,0.643216,0.0,"Burramine",0.276382,26464.61096,25269
0.102041,0.632653,0.0,"Burrumbeet",0.265306,26317.37999,25271
0.237736,0.467925,0.796154,"Bushfield",0.29434,38721.93065,25273
0.142857,0.52381,0.0,"Buxton",0.333333,25896.86769,25275
0.238994,0.459119,0.0,"Cabarita",0.301887,41024.06684,25277
0.088235,0.60084,0.776371,"Caldermeade",0.310924,31742.87085,25279
0.044248,0.628319,0.786325,"Calivil",0.327434,27410.47305,25281
0.169435,0.491694,0.711921,"Callignee",0.33887,41174.32281,25283
0.135338,0.605263,0.686567,"Cambrian Hill",0.259398,35764.57109,25285
0.143527,0.542214,0.7277,"Campaspe West",0.314259,34927.32654,25287
0.124807,0.53775,0.709035,"Campbells Creek",0.337442,29949.07713,25289
0.116213,0.619048,0.686364,"Camperdown",0.264739,30483.86791,25291
0.180723,0.578313,0.0,"Caniambo",0.240964,40366.31364,25293
0.045113,0.774436,0.0,"Cann River",0.180451,27786.78377,25295
0.066667,0.6,0.66787,"Cannons Creek",0.333333,37160.34177,25297
0.065574,0.52459,0.0,"Cannum",0.409836,29375.65126,25299
0.165775,0.497326,0.620596,"Cape Paterson",0.336898,29024.14445,25301
0.243386,0.433862,0.692708,"Cape Schanck",0.322751,36991.92299,25303
0.150997,0.505698,0.666667,"Cape Woolamai",0.343305,30320.41779,25305
0.104803,0.550218,0.0,"Caramut",0.344978,29484.55773,25307
0.128415,0.527322,0.807163,"Cardigan",0.344262,38299.20589,25309
0.116402,0.507937,0.753927,"Cardigan Village",0.375661,35482.945,25311
0.093897,0.643192,0.790476,"Cardross",0.262911,32051.63863,25313
0.077348,0.607735,0.594744,"Carisbrook",0.314917,24158.47441,25315
0.140187,0.588785,0.0,"Carlisle River",0.271028,32453.03673,25317
0.1875,0.544118,0.715356,"Carlsruhe",0.268382,35645.55188,25319
0.348921,0.406475,0.775801,"Caroline Springs - Bal",0.244604,45494.68834,25321
0.108333,0.566667,0.0,"Carpendeit",0.325,27034.16232,25323
0.085745,0.659164,0.670601,"Casterton",0.255091,27671.85143,25325
0.228225,0.511988,0.628988,"Castlemaine",0.259788,30023.85028,25327
0.055556,0.65625,0.72973,"Catani",0.288194,33791.03041,25329
0.122137,0.51145,0.0,"Cavendish",0.366412,32343.56452,25331
0.104336,0.613821,0.675676,"Charlton",0.281843,24293.27228,25333
0.144,0.56,0.0,"Cheshunt",0.296,25392.07917,25335
0.142857,0.601504,0.0,"Chetwynd",0.255639,21765.8122,25337
0.066667,0.824762,0.275665,"Chewton",0.108571,26457.68632,25339
0.108062,0.578045,0.662651,"Chiltern",0.313894,32006.53772,25341
0.373913,0.350725,0.756598,"Christmas Hills",0.275362,36065.61967,25343
0.180467,0.462845,0.744235,"Chum Creek",0.356688,36425.08066,25345
0.117891,0.573267,0.573389,"Churchill",0.308842,27600.49133,25347
0.119679,0.53759,0.69492,"Clifton Springs",0.342731,33231.65999,25349
0.115108,0.565947,0.688095,"Clonbinane",0.318945,36175.09188,25351
0.112782,0.632832,0.537888,"Clunes",0.254386,23429.50171,25353
0.121168,0.59562,0.719764,"Clyde",0.283212,36952.92074,25355
0.109091,0.613636,0.0,"Cobains",0.277273,35414.70382,25357
0.074371,0.636156,0.705815,"Cobden",0.289474,32584.1055,25359
0.085746,0.662212,0.651206,"Cobram",0.252042,29644.73117,25361
0.108353,0.549251,0.715409,"Cockatoo",0.342396,36417.99205,25363
0.0,0.0,0.0,"Cocoroc",0.0,0.0,25365
0.131944,0.625,0.0,"Coghills Creek",0.243056,32896.68727,25367
0.073018,0.664812,0.721448,"Cohuna",0.26217,31278.62814,25369
0.084961,0.646973,0.696237,"Colac",0.268066,31505.01926,25371
0.094262,0.586066,0.744856,"Colac West",0.319672,34409.85249,25373
0.166667,0.566667,0.0,"Colbinabbin",0.266667,33328.81441,25375
0.098655,0.584454,0.772009,"Coldstream",0.316891,37845.733,25377
0.091324,0.584475,0.682779,"Coleraine",0.324201,28210.13333,25379
0.104,0.712,0.0,"Colignan",0.184,27464.23172,25381
0.062937,0.524476,0.0,"Concongella",0.412587,29643.25,25383
0.112676,0.56338,0.0,"Condah",0.323944,28260.65653,25385
0.153409,0.548295,0.833333,"Congupna",0.298295,36065.61967,25387
0.410714,0.321429,0.0,"Connewarre",0.267857,69180.96327,25389
0.085714,0.590476,0.0,"Coongulla",0.32381,27509.50218,25391
0.087591,0.583942,0.0,"Cooriemungle",0.328467,36773.96926,25393
0.054264,0.682171,0.0,"Cora Lynn",0.263566,29643.25,25395
0.089888,0.644195,0.0,"Corinella",0.265918,24023.67654,25397
0.049587,0.661157,0.442577,"Coronet Bay",0.289256,19354.87232,25399
0.117647,0.713235,0.0,"Corop",0.169118,29103.8713,25401
0.107407,0.55,0.673358,"Corryong",0.342593,26382.40767,25403
0.31028,0.366355,0.802239,"Cottles Bridge",0.323364,48107.5628,25405
0.119271,0.558255,0.588235,"Cowes",0.322474,26837.04718,25407
0.127451,0.555556,0.749186,"Cowwarr",0.316993,35574.11179,25409
0.0,0.0,0.0,"Craigieburn - Bal",0.0,38323.484,25411
0.053846,0.642308,0.657692,"Cranbourne East - Bal",0.303846,33685.23556,25413
0.105611,0.566557,0.752723,"Cranbourne South - Bal",0.327833,39698.96458,25415
0.075,0.6625,0.0,"Cranbourne West - Bal",0.2625,37785.89726,25417
0.0,0.796296,0.0,"Cressy",0.203704,14718.53867,25419
0.154679,0.556334,0.633866,"Creswick",0.288988,30296.47581,25421
0.105691,0.585366,0.0,"Cudgewa",0.308943,23271.05509,25423
0.0,0.0,0.0,"Culgoa",0.0,31382.64179,25425
0.117188,0.59375,0.0,"Curdie Vale",0.289063,38295.60914,25427
0.243363,0.429204,0.702703,"Curlewis",0.327434,34233.15006,25429
0.114583,0.520833,0.0,"Dadswells Bridge",0.364583,24023.67654,25431
0.063158,0.621053,0.0,"Daisy Hill",0.315789,26747.44939,25433
0.122549,0.598039,0.0,"Dales Creek",0.279412,32866.97852,25435
0.077419,0.632258,0.0,"Dalyston",0.290323,24525.42417,25437
0.032258,0.814516,0.0,"Dandenong South - Bal",0.153226,23378.57244,25439
0.044444,0.7,0.0,"Dargo",0.255556,21201.34612,25441
0.128727,0.570354,0.71902,"Darley",0.300919,37168.05108,25443
0.13354,0.534161,0.786378,"Darnum",0.332298,35711.44487,25445
0.109181,0.555831,0.775862,"Darraweit Guim",0.334988,35043.19053,25447
0.0,0.760331,0.0,"Dartmoor",0.239669,35635.55027,25449
0.187722,0.550712,0.61047,"Daylesford",0.261566,27419.39036,25451
0.213198,0.482234,0.741026,"Deans Marsh",0.304569,33306.0077,25453
0.105042,0.579832,0.0,"Dederang",0.315126,32185.43799,25455
0.107595,0.537975,0.0,"Deep Lead",0.35443,34560.37678,25457
0.147705,0.562874,0.800395,"Delacombe - Bal",0.289421,37785.89726,25459
0.129032,0.587097,0.0,"Denison",0.283871,34660.7263,25461
0.063312,0.590909,0.772213,"Dennington",0.345779,34936.6875,25463
0.260355,0.390533,0.0,"Denver",0.349112,32896.68727,25465
0.092683,0.536585,0.605839,"Dereel",0.370732,24926.82227,25467
0.123746,0.638796,0.0,"Derrinallum",0.237458,28251.16721,25469
0.132,0.552,0.0,"Devenish",0.316,24863.81211,25471
0.066516,0.622322,0.726457,"Devon Meadows",0.311161,33602.49494,25473
0.085714,0.557143,0.0,"Devon North",0.357143,29959.84569,25475
0.076923,0.557692,0.0,"Digby",0.365385,32328.4649,25477
0.083333,0.611594,0.699346,"Diggers Rest",0.305072,35363.62298,25479
0.084615,0.657143,0.641676,"Dimboola",0.258242,27555.53137,25481
0.076923,0.633136,0.0,"Dingee",0.289941,27034.16232,25483
0.072072,0.72973,0.0,"Dingwall",0.198198,22429.88995,25485
0.21875,0.46875,0.0,"Dinner Plain",0.3125,49111.05806,25487
0.226519,0.453039,0.721448,"Dixons Creek",0.320442,32740.60552,25489
0.108411,0.571963,0.740602,"Don Valley",0.319626,32389.65808,25491
0.102723,0.613861,0.685644,"Donald",0.283416,25555.02191,25493
0.183453,0.442446,0.808118,"Dooen",0.374101,36905.75524,25495
0.189516,0.504032,0.795181,"Dookie",0.306452,37821.73637,25497
0.175853,0.44252,0.795705,"Doreen",0.381627,45971.08902,25499
0.094972,0.653631,0.0,"Douglas",0.251397,32743.70432,25501
0.054545,0.663636,0.0,"Dreeite",0.281818,31107.1725,25503
0.119626,0.554072,0.684393,"Drouin",0.326302,31430.70754,25505
0.154639,0.489691,0.813131,"Drouin East",0.35567,31823.57152,25507
0.225191,0.416031,0.0,"Drummond North",0.358779,26030.66706,25509
0.147541,0.617486,0.0,"Drung",0.234973,34593.82662,25511
0.160267,0.486366,0.706079,"Drysdale",0.353367,31975.18184,25513
0.045977,0.632184,0.0,"Dumbalk",0.321839,21560.55181,25515
0.102041,0.612245,0.0,"Dumbalk North",0.285714,26476.66496,25517
0.179144,0.481283,0.78125,"Dunkeld",0.339572,31989.88507,25519
0.186567,0.470149,0.0,"Dunnstown",0.343284,37160.34177,25521
0.064516,0.6875,0.488,"Dunolly",0.247984,19072.69691,25523
0.050505,0.59596,0.0,"Dunrobin",0.353535,23827.34051,25525
0.198077,0.488462,0.65,"Eagle Point",0.313462,30652.82705,25527
0.082816,0.693582,0.545643,"East Bairnsdale",0.223602,25444.35522,25529
0.0,0.0,0.0,"East Sale",0.0,61955.79739,25531
0.094118,0.545882,0.612293,"East Warburton - Bal",0.36,26851.70864,25533
0.183962,0.529245,0.698592,"Echuca",0.286792,35408.15726,25535
0.108222,0.587062,0.687462,"Echuca East",0.304716,32230.60593,25537
0.113542,0.61916,0.673952,"Echuca South",0.267297,30383.57697,25539
0.110697,0.548507,0.792593,"Echuca Village",0.340796,35472.00275,25541
0.101031,0.586598,0.773196,"Echuca West",0.312371,35117.11045,25543
0.070175,0.635088,0.873684,"Ecklin South",0.294737,41061.74501,25545
0.13089,0.498691,0.717277,"Eden Park",0.370419,39136.31517,25547
0.094787,0.665877,0.677725,"Edenhope",0.239336,31891.07938,25549
0.187251,0.494024,0.0,"Eganstown",0.318725,24904.79433,25551
0.101587,0.580952,0.624214,"Eildon",0.31746,25735.5214,25553
0.192308,0.5,0.638677,"Elaine",0.307692,28340.59955,25555
0.134969,0.509202,0.0,"Eldorado",0.355828,28163.09449,25557
0.110902,0.595865,0.763602,"Elliminyt",0.293233,35255.10427,25559
0.208202,0.463722,0.745223,"Ellinbank",0.328076,31872.44304,25561
0.088235,0.564706,0.0,"Elmhurst",0.347059,21514.93839,25563
0.072527,0.661538,0.608225,"Elmore",0.265934,24525.42417,25565
0.146283,0.53717,0.636364,"Elphinstone",0.316547,28982.12371,25567
0.185498,0.465347,0.749271,"Emerald - Bal",0.349156,38731.87111,25569
0.136792,0.59434,0.57971,"Enfield",0.268868,27667.9488,25571
0.124324,0.594595,0.0,"Ensay",0.281081,24486.8282,25573
0.210145,0.525362,0.0,"Eppalock",0.264493,33180.57079,25575
0.108844,0.598639,0.0,"Erica",0.292517,25528.91943,25577
0.054393,0.67364,0.0,"Eskdale",0.271967,22973.50708,25579
0.113565,0.626498,0.684611,"Euroa",0.259937,28912.63983,25581
0.109489,0.532847,0.0,"Eurobin",0.357664,30276.22393,25583
0.041176,0.688235,0.0,"Evansford",0.270588,21765.8122,25585
0.168831,0.558442,0.0,"Everton",0.272727,29890.26422,25587
0.24183,0.542484,0.0,"Fairhaven",0.215686,45370.75754,25589
0.219178,0.410959,0.897959,"Falls Creek",0.369863,40414.09913,25591
0.2,0.488889,0.0,"Fawcett",0.311111,39868.33855,25593
0.054054,0.648649,0.0,"Fentons Creek",0.297297,20153.05196,25595
0.184713,0.509554,0.0,"Fernvale",0.305732,36547.29739,25597
0.099206,0.579365,0.629921,"Fingal",0.321429,33595.47749,25599
0.180157,0.527415,0.780423,"Fish Creek",0.292428,29434.92946,25601
0.317016,0.403263,0.622951,"Flinders",0.27972,42086.59123,25603
0.0,0.0,0.0,"Flowerdale",0.0,0.0,25605
0.163043,0.5,0.0,"Forrest",0.336957,28109.33582,25607
0.151046,0.527753,0.675136,"Foster",0.321201,27570.68454,25609
0.125926,0.533333,0.0,"Foster North",0.340741,25291.2495,25611
0.144231,0.471154,0.0,"Freeburgh",0.384615,24974.35626,25613
0.262295,0.57377,0.0,"French Island",0.163934,14992.21919,25615
0.246154,0.489231,0.724684,"Freshwater Creek",0.264615,32493.85688,25617
0.239437,0.450704,0.0,"Fryerstown",0.309859,24974.35626,25619
0.03712,0.859393,0.0,"Fulham",0.103487,31139.37021,25621
0.180685,0.570093,0.686901,"Fyans Creek",0.249221,31908.28216,25623
0.244444,0.455556,0.0,"Fyansford",0.3,35357.27007,25625
0.121212,0.551515,0.0,"Gapsted",0.327273,29336.29851,25627
0.090014,0.610408,0.668085,"Garfield",0.299578,33499.30392,25629
0.126168,0.537383,0.70892,"Garfield North",0.336449,33055.13389,25631
0.217054,0.457364,0.0,"Gazette",0.325581,39291.14015,25633
0.191489,0.489362,0.0,"Gellibrand",0.319149,22016.68602,25635
0.154453,0.499436,0.713004,"Gembrook",0.34611,32403.74223,25637
0.131034,0.551724,0.0,"Genoa",0.317241,23818.41615,25639
0.177143,0.454286,0.74928,"Gherang",0.368571,37696.29947,25641
0.053521,0.704225,0.662953,"Girgarre",0.242254,29505.45662,25643
0.207126,0.46256,0.763801,"Gisborne",0.330314,42361.74316,25645
0.216895,0.447489,0.76659,"Gisborne South",0.335616,46517.11748,25647
0.109756,0.539634,0.704268,"Gladysdale",0.35061,33759.71567,25649
0.084906,0.537736,0.0,"Glenburn",0.377358,28982.12371,25651
0.136306,0.529936,0.764331,"Glengarry",0.333758,39854.09616,25653
0.09434,0.660377,0.0,"Glenlee",0.245283,33198.49035,25655
0.213592,0.504854,0.0,"Glenlyon",0.281553,28897.79638,25657
0.166667,0.509259,0.760563,"Glenmaggie",0.324074,33328.81441,25659
0.122642,0.613208,0.747664,"Glenormiston South",0.264151,40697.13626,25661
0.142342,0.473874,0.788809,"Glenrowan",0.383784,34015.92722,25663
0.094891,0.620438,0.0,"Glenthompson",0.284672,30211.89731,25665
0.129412,0.564706,0.0,"Glomar Beach",0.305882,26604.09292,25667
0.25,0.438596,0.816594,"Gnarwarre",0.311404,43558.38428,25669
0.018868,0.693396,0.0,"Golden Beach",0.287736,14767.55608,25671
0.208696,0.495652,0.0,"Gooram",0.295652,34798.04671,25673
0.117438,0.572954,0.792115,"Goorambat",0.309609,32169.69689,25675
0.130751,0.542373,0.725728,"Goornong",0.326877,30723.06744,25677
0.120192,0.538462,0.0,"Gorae",0.341346,37570.86256,25679
0.105422,0.557229,0.791667,"Gorae West",0.337349,37966.97911,25681
0.104811,0.57732,0.633851,"Gordon",0.317869,29331.63831,25683
0.121145,0.588106,0.716776,"Gormandale",0.290749,30904.7869,25685
0.055118,0.771654,0.0,"Goroke",0.173228,22142.12293,25687
0.087912,0.681319,0.0,"Goughs Bay",0.230769,24285.45791,25689
0.225664,0.469027,0.878261,"Grahamvale",0.30531,42274.74659,25691
0.081712,0.634241,0.0,"Grantville",0.284047,22133.37151,25693
0.122222,0.566667,0.0,"Granya",0.311111,28372.156,25695
0.161458,0.515625,0.721649,"Great Western",0.322917,32639.89447,25697
0.158763,0.519588,0.731656,"Greendale",0.321649,34961.77488,25699
0.159309,0.579655,0.637571,"Greenvale - Bal",0.261036,34123.37078,25701
0.167939,0.557252,0.0,"Greta",0.274809,36382.51291,25703
0.191781,0.493151,0.0,"Greta West",0.315068,33574.18316,25705
0.139303,0.485075,0.792593,"Gruyere",0.375622,40581.34834,25707
0.201835,0.449541,0.0,"Guildford",0.348624,27285.03614,25709
0.081395,0.706395,0.680233,"Gunbower",0.212209,27817.71342,25711
0.146341,0.50813,0.0,"Gundowring",0.345528,42501.83065,25713
0.201365,0.457338,0.784983,"Guys Hill",0.341297,44621.73715,25715
0.098569,0.583466,0.70523,"Haddon",0.317965,31226.33411,25717
0.166667,0.492754,0.691756,"Hallora",0.34058,33158.94374,25719
0.170732,0.54878,0.0,"Halls Gap",0.280488,31420.87018,25721
0.142423,0.566838,0.739593,"Hamilton",0.29074,33299.0722,25723
0.132275,0.571429,0.0,"Hansonville",0.296296,31806.88368,25725
0.163121,0.55792,0.680191,"Harcourt",0.27896,31834.66668,25727
0.252212,0.464602,0.754464,"Harkaway - Bal",0.283186,52970.65521,25729
0.196809,0.43617,0.0,"Harrietville",0.367021,33586.39608,25731
0.086207,0.62069,0.0,"Harrow",0.293103,26604.09292,25733
0.094891,0.653285,0.807407,"Harston",0.251825,30612.66429,25735
0.150224,0.482063,0.809955,"Hastings - Bal",0.367713,40290.86287,25737
0.114447,0.549719,0.796964,"Haven",0.335835,36065.61967,25739
0.136364,0.636364,0.0,"Hawkesdale",0.227273,33409.30868,25741
0.08,0.616,0.0,"Hazel Park",0.304,23310.66675,25743
0.080838,0.601796,0.559172,"Hazeldene",0.317365,26030.66706,25745
0.117397,0.502122,0.777778,"Hazelwood North",0.380481,40724.70481,25747
0.236066,0.390164,0.784314,"Hazelwood South",0.37377,48270.29176,25749
0.142211,0.556121,0.655914,"Healesville",0.301668,31345.41447,25751
0.082979,0.657447,0.471591,"Heathcote",0.259574,20422.06298,25753
0.099391,0.513185,0.77,"Heathcote Junction",0.387424,37607.5758,25755
0.044248,0.637168,0.0,"Hedley",0.318584,27950.39713,25757
0.169082,0.512077,0.0,"Hepburn",0.318841,22825.62608,25759
0.197222,0.516667,0.655271,"Hepburn Springs",0.286111,27894.30112,25761
0.090909,0.636364,0.0,"Hernes Oak",0.272727,40079.60071,25763
0.066427,0.667864,0.603587,"Heyfield",0.265709,27530.39624,25765
0.084456,0.671159,0.655605,"Heywood",0.244385,31167.20212,25767
0.111524,0.572491,0.0,"Hill End",0.315985,30379.14652,25769
0.108871,0.608871,0.0,"Hilldene",0.282258,29118.34479,25771
0.117886,0.573171,0.724696,"Hillside (East Gippsland)",0.308943,31248.84242,25773
0.127946,0.526936,0.741611,"Hoddles Creek",0.345118,31861.32056,25775
0.128205,0.510256,0.752525,"Hollands Landing",0.361538,35335.80493,25777
0.118519,0.637037,0.753659,"Hopetoun",0.244444,31754.3067,25779
0.115,0.575,0.0,"Hopetoun Park",0.31,43919.06084,25781
0.140075,0.562247,0.725487,"Horsham",0.297678,34017.09375,25783
0.211111,0.388889,0.0,"Hotham Heights",0.4,31139.37021,25785
0.119658,0.581197,0.0,"Huntly - Bal",0.299145,30546.39573,25787
0.15,0.47,0.0,"Huon",0.38,37671.21209,25789
0.22026,0.428571,0.773223,"Hurstbridge - Bal",0.351169,41266.61456,25791
0.167722,0.53481,0.0,"Indented Head",0.297468,27964.67611,25793
0.213166,0.470219,0.791277,"Indigo Valley",0.316614,38255.06387,25795
0.04,0.735,0.541353,"Inglewood",0.225,20707.4383,25797
0.105495,0.630769,0.778022,"Invergordon",0.263736,32523.87169,25799
0.129577,0.515493,0.705966,"Inverleigh",0.35493,32492.19752,25801
0.182264,0.514944,0.61002,"Inverloch",0.302793,30239.44424,25803
0.211765,0.484706,0.78972,"Invermay",0.303529,39033.70424,25805
0.0625,0.614583,0.0,"Iona",0.322917,30300.85966,25807
0.137931,0.577586,0.715517,"Irrewarra",0.284483,34753.35664,25809
0.057377,0.668033,0.797521,"Irrewillipe",0.27459,33255.83294,25811
0.109834,0.615073,0.752786,"Irymple",0.275093,33425.2303,25813
0.142259,0.60251,0.680851,"Jack River",0.25523,31926.20172,25815
0.218391,0.482759,0.0,"Jamieson",0.298851,26632.76422,25817
0.323002,0.369766,0.75948,"Jan Juc",0.307232,42341.71715,25819
0.099585,0.66805,0.0,"Jancourt East",0.232365,38323.484,25821
0.137615,0.623853,0.0,"Jarrahmond",0.238532,37671.21209,25823
0.22,0.437143,0.668555,"Jeeralang Junction",0.342857,37613.8695,25825
0.098592,0.535211,0.0,"Jeffcott North",0.366197,25665.75969,25827
0.047782,0.706485,0.0,"Jeparit",0.245734,21483.57916,25829
0.15331,0.501742,0.748299,"Jindivick",0.344948,33657.23104,25831
0.10479,0.55988,0.0,"Johnsonville",0.335329,28760.17417,25833
0.065421,0.700935,0.0,"Jung",0.233645,28539.40521,25835
0.084746,0.627119,0.0,"Kaarimba",0.288136,35431.83319,25837
0.08554,0.588595,0.591919,"Kalimna",0.325866,26786.23996,25839
0.25,0.441176,0.0,"Kallista - Bal",0.308824,34648.92048,25841
0.12069,0.465517,0.0,"Kancoona",0.413793,27786.78377,25843
0.285714,0.383275,0.756993,"Kangaroo Ground",0.33101,45589.70196,25845
0.091286,0.636929,0.765432,"Kaniva",0.271784,29743.59953,25847
0.0,0.704225,0.0,"Karnak",0.295775,29041.15284,25849
0.058621,0.672414,0.0,"Katamatite",0.268966,27745.73169,25851
0.09375,0.610795,0.795389,"Katandra West",0.295455,33602.49494,25853
0.082353,0.652941,0.805226,"Katunga",0.264706,32500.57072,25855
0.192308,0.469231,0.0,"Kawarren",0.338462,28212.1785,25857
0.087422,0.615341,0.660068,"Kerang",0.297236,28494.53347,25859
0.116505,0.601942,0.0,"Kergunyah",0.281553,30970.95142,25861
0.089844,0.648438,0.75,"Kernot",0.261719,32157.26971,25863
0.157588,0.558366,0.778656,"Keysborough - Bal",0.284047,42005.22675,25865
0.166802,0.548988,0.763923,"Kialla",0.284211,40016.34313,25867
0.135135,0.522523,0.0,"Kialla West",0.342342,35370.89218,25869
0.146814,0.454294,0.783099,"Kiewa",0.398892,42209.4682,25871
0.176871,0.55102,0.0,"Kilcunda",0.272109,32212.19787,25873
0.080645,0.580645,0.0,"Killara (Wodonga)",0.33871,27034.16232,25875
0.159645,0.558758,0.765625,"Killarney",0.281596,33639.25799,25877
0.215584,0.490909,0.776042,"Killawarra",0.293506,35883.16598,25879
0.165254,0.512712,0.0,"Killingworth",0.322034,26174.02353,25881
0.121295,0.569813,0.721682,"Kilmore",0.308892,36718.29951,25883
0.132488,0.470046,0.6969,"Kinglake",0.397465,34602.18908,25885
0.16,0.453333,0.0,"Kinglake Central",0.386667,37028.97512,25887
0.137143,0.481143,0.706956,"Kinglake West",0.381714,35527.1588,25889
0.168317,0.564356,0.0,"Kinnabulla",0.267327,25291.2495,25891
0.138298,0.585106,0.817204,"Kirkstall",0.276596,32943.63441,25893
0.140496,0.557851,0.0,"Kirwans Bridge",0.301653,21460.6954,25895
0.107843,0.568627,0.0,"Knowsley",0.323529,26922.66285,25897
0.14,0.55,0.0,"Kongwak",0.31,31382.64179,25899
0.071627,0.657163,0.728412,"Koo Wee Rup",0.27121,32326.56883,25901
0.051672,0.661094,0.684451,"Koondrook",0.287234,26665.97341,25903
0.143552,0.523114,0.759124,"Koonwarra",0.333333,31866.78424,25905
0.080614,0.692898,0.710983,"Koorlong",0.226488,30267.64705,25907
0.125677,0.588299,0.708874,"Koroit",0.286024,31416.51504,25909
0.0,0.904762,0.0,"Korong Vale",0.095238,13271.9416,25911
0.107143,0.591837,0.0,"Koroop",0.30102,26842.00366,25913
0.114989,0.583893,0.671147,"Korumburra",0.301119,28503.04669,25915
0.172619,0.514881,0.642857,"Korweinguboora",0.3125,27587.10869,25917
0.086957,0.582609,0.769565,"Koyuga",0.330435,34184.06605,25919
0.091789,0.609898,0.716971,"Kurunjang",0.298314,36723.99751,25921
0.105691,0.626016,0.752066,"Ky Valley",0.268293,31366.32479,25923
0.106328,0.594356,0.68709,"Kyabram",0.299316,31531.30775,25925
0.13392,0.580971,0.68577,"Kyneton",0.285109,30982.2478,25927
0.184211,0.535088,0.0,"Laanecoorie",0.280702,21991.59864,25929
0.075829,0.672986,0.780952,"Laang",0.251185,34213.01303,25931
0.096601,0.59034,0.675,"Labertouche",0.313059,32394.29554,25933
0.159259,0.548148,0.831461,"Laceby",0.292593,36485.68745,25935
0.119403,0.529851,0.0,"Laharum",0.350746,32823.55806,25937
0.103175,0.626984,0.69657,"Lake Boga",0.269841,28868.13642,25939
0.185874,0.494424,0.825758,"Lake Bolac",0.319703,33631.60989,25941
0.098859,0.56654,0.628352,"Lake Bunga",0.334601,27184.68661,25943
0.107843,0.558824,0.0,"Lake Charm",0.333333,27636.25948,25945
0.0,0.0,0.0,"Lake Eildon",0.0,0.0,25947
0.123377,0.623377,0.0,"Lake Rowan",0.253247,24826.47275,25949
0.14511,0.507886,0.0,"Lake Tyers Beach",0.347003,26558.82246,25951
0.065228,0.668339,0.537418,"Lakes Entrance",0.266433,22366.30804,25953
0.165816,0.538265,0.65995,"Lal Lal",0.295918,32001.46386,25955
0.071429,0.714286,0.0,"Lalbert",0.214286,28192.04147,25957
0.080292,0.572993,0.789286,"Lancaster",0.346715,35463.52251,25959
0.141679,0.548726,0.698042,"Lancefield",0.309595,33249.35878,25961
0.177305,0.588652,0.0,"Landsborough",0.234043,25118.39864,25963
0.056604,0.698113,0.0,"Landsborough West",0.245283,26030.66706,25965
0.062016,0.673127,0.683463,"Lang Lang",0.264858,29489.52307,25967
0.075,0.558333,0.0,"Langkoop",0.366667,30956.91652,25969
0.087866,0.615063,0.0,"Langsborough",0.297071,25829.96801,25971
0.125596,0.56764,0.692815,"Lara",0.306764,38889.74204,25973
0.035714,0.642857,0.0,"Larpent",0.321429,34727.62599,25975
0.046875,0.65625,0.0,"Lascelles",0.296875,16497.46209,25977
0.115385,0.542657,0.743733,"Launching Place",0.341958,32755.2847,25979
0.281346,0.397554,0.732733,"Lauriston",0.321101,37570.86256,25981
0.231343,0.477612,0.0,"Lavers Hill",0.291045,27034.16232,25983
0.077889,0.713568,0.545,"Laverton North - Bal",0.208543,30370.10603,25985
0.127451,0.624183,0.673139,"Learmonth",0.248366,29829.61341,25987
0.100457,0.639269,0.78458,"Leitchville",0.260274,30941.38855,25989
0.083333,0.692708,0.747423,"Lemnos",0.223958,32973.76941,25991
0.205993,0.441948,0.813688,"Leneva",0.35206,42900.23604,25993
0.131624,0.56453,0.727273,"Leongatha",0.303846,34449.53941,25995
0.154867,0.550885,0.788546,"Leongatha South",0.294248,33657.23104,25997
0.130285,0.506687,0.74973,"Leopold",0.363028,37527.85562,25999
0.131373,0.527451,0.724409,"Lethbridge",0.341176,34082.2408,26001
0.04878,0.707317,0.0,"Lexton",0.243902,19983.28773,26003
0.0,0.0,0.0,"Licola",0.0,54128.53436,26005
0.143293,0.533537,0.712991,"Lilydale - Bal",0.323171,35537.46427,26007
0.18125,0.55,0.0,"Limestone",0.26875,35262.82346,26009
0.063694,0.605096,0.0,"Lindenow",0.33121,30044.6481,26011
0.067376,0.631206,0.691781,"Lindenow South",0.301418,27692.70609,26013
0.0,0.0,0.0,"Linga",0.0,22792.11417,26015
0.088652,0.56383,0.529617,"Linton",0.347518,25046.10567,26017
0.076046,0.695817,0.0,"Lismore",0.228137,20465.82971,26019
0.131446,0.560162,0.708758,"Little River",0.308392,39354.85413,26021
0.104513,0.570071,0.767773,"Loch",0.325416,33686.96424,26023
0.052632,0.679426,0.290865,"Loch Sport",0.267943,14476.13592,26025
0.083544,0.632911,0.727273,"Lockington",0.283544,28202.93916,26027
0.125581,0.523256,0.723005,"Lockwood",0.351163,31194.72132,26029
0.165121,0.480519,0.744954,"Lockwood South",0.35436,35003.09527,26031
0.161224,0.502041,0.722672,"Long Forest",0.336735,38594.42773,26033
0.135084,0.500938,0.698113,"Longford",0.363977,36855.25528,26035
0.180301,0.492487,0.698653,"Longlea",0.327212,32801.2375,26037
0.084243,0.630265,0.667712,"Longwarry",0.285491,30868.02883,26039
0.125,0.572917,0.0,"Longwood",0.302083,28798.92985,26041
0.212963,0.52963,0.659341,"Lorne",0.257407,34605.9902,26043
0.128378,0.550676,0.659794,"Lovely Banks - Bal",0.320946,36359.3256,26045
0.12709,0.531773,0.784247,"Lower Norton",0.341137,33055.13389,26047
0.135802,0.530864,0.0,"Lubeck",0.333333,31764.92569,26049
0.109948,0.588133,0.702962,"Lucknow",0.30192,31076.81466,26051
0.164706,0.508824,0.727536,"Lurg",0.326471,30216.67586,26053
0.268657,0.41791,0.0,"Lyndhurst - Bal",0.313433,49780.0549,26055
0.19,0.43,0.0,"Lyonville",0.38,19507.94787,26057
0.0,0.0,0.0,"Lysterfield - Bal",0.0,44344.45557,26059
0.08076,0.643705,0.765116,"Macarthur",0.275534,33222.3831,26061
0.173701,0.483766,0.768608,"Macclesfield",0.342532,39547.62732,26063
0.264565,0.422159,0.737192,"Macedon",0.313276,42869.31754,26065
0.072727,0.630303,0.0,"Macs Cove",0.29697,24297.35707,26067
0.11655,0.574592,0.724739,"Maddingley",0.308858,35198.59976,26069
0.120833,0.5625,0.703718,"Maffra",0.316667,32734.5729,26071
0.169451,0.486874,0.742317,"Magpie",0.343675,35357.27007,26073
0.075949,0.551899,0.812658,"Mailer Flat",0.372152,32485.58252,26075
0.313501,0.405034,0.736111,"Main Ridge",0.281465,43495.75479,26077
0.095477,0.643216,0.0,"Majorca",0.261307,27111.35427,26079
0.168578,0.559633,0.614943,"Maldon",0.271789,23213.95967,26081
0.138544,0.543517,0.568142,"Mallacoota",0.31794,21556.75069,26083
0.194969,0.515723,0.676923,"Malmsbury",0.289308,31734.74539,26085
0.104545,0.713636,0.0,"Manangatang",0.181818,28181.01405,26087
0.325497,0.396022,0.736462,"Mandurang",0.278481,41643.87273,26089
0.0625,0.7125,0.0,"Manns Beach",0.225,20072.41395,26091
0.132463,0.536847,0.739944,"Mansfield",0.33069,31891.99165,26093
0.22561,0.481707,0.756098,"Marcus Hill",0.292683,36788.13626,26095
0.153153,0.486486,0.0,"Marengo",0.36036,28212.1785,26097
0.2,0.488889,0.0,"Markwood",0.311111,30207.37707,26099
0.173184,0.480447,0.0,"Marlo",0.346369,24987.03199,26101
0.035714,0.6875,0.0,"Marnoo",0.276786,21953.96757,26103
0.09009,0.509009,0.704545,"Marong",0.400901,30813.28277,26105
0.131579,0.480263,0.724026,"Marshall - Bal",0.388158,34058.62915,26107
0.074822,0.656899,0.565007,"Maryborough",0.268279,24433.03438,26109
0.167969,0.457031,0.789063,"Maryknoll",0.375,40133.8437,26111
0.138298,0.570922,0.724739,"Marysville",0.29078,28445.32753,26113
0.233333,0.416667,0.0,"McKenzie Hill",0.35,34058.62915,26115
0.091463,0.676829,0.0,"McLoughlins Beach",0.231707,27894.30112,26117
0.153409,0.568182,0.0,"McMahons Creek",0.278409,17142.56618,26119
0.208333,0.525,0.0,"Meadow Creek",0.266667,30044.6481,26121
0.105647,0.584699,0.683544,"Meeniyan",0.309654,30232.80347,26123
0.0,0.0,0.0,"Melbourne Airport - Bal",0.0,0.0,26125
0.072283,0.662263,0.595214,"Melton",0.265454,29854.87536,26127
0.058678,0.680873,0.622149,"Melton South",0.260449,30791.93181,26129
0.088204,0.621882,0.710775,"Melton West",0.289914,37873.31791,26131
0.147287,0.573643,0.0,"Melville Forest",0.27907,27034.16232,26133
0.225594,0.439314,0.739418,"Menzies Creek - Bal",0.335092,42593.02809,26135
0.054364,0.714395,0.649123,"Merbein",0.23124,26083.4826,26137
0.074627,0.671642,0.761905,"Merbein South",0.253731,25820.98148,26139
0.144838,0.539291,0.686154,"Meredith",0.315871,32881.45201,26141
0.063291,0.64557,0.0,"Meringur",0.291139,29668.33738,26143
0.053659,0.687805,0.0,"Merino",0.258537,28840.45379,26145
0.058568,0.635575,0.69281,"Mernda",0.305857,33178.85248,26147
0.307985,0.391635,0.697674,"Merricks North",0.30038,42922.83728,26149
0.071848,0.692082,0.724891,"Merrigum",0.23607,28125.46342,26151
0.257235,0.466238,0.0,"Merrijig (Mount Buller)",0.276527,31828.63968,26153
0.209877,0.472222,0.735202,"Metcalfe",0.317901,33566.34845,26155
0.169518,0.48367,0.628264,"Metung",0.346812,29336.29851,26157
0.100424,0.612447,0.755714,"Mickleham",0.287129,38233.16943,26159
0.145833,0.614583,0.0,"Miepoll",0.239583,29542.90047,26161
0.126984,0.542857,0.789809,"Milawa",0.330159,33499.30392,26163
0.123772,0.618583,0.661326,"Mildura",0.257644,31740.85895,26165
0.124567,0.546713,0.679443,"Millbrook",0.32872,31926.20172,26167
0.078478,0.652794,0.565993,"Millgrove",0.268728,26291.85076,26169
0.104478,0.552239,0.0,"Mincha",0.343284,24023.67654,26171
0.129496,0.545735,0.768916,"Miners Rest",0.324769,36178.51289,26173
0.105263,0.596491,0.0,"Minimay",0.298246,33749.86137,26175
0.095745,0.592199,0.0,"Minyip",0.312057,23689.17812,26177
0.161566,0.512456,0.687943,"Mirboo North",0.325979,30875.12694,26179
0.0,0.0,0.0,"Mitchellstown",0.0,0.0,26181
0.0,0.0,0.0,"Mitiamo",0.0,21201.34612,26183
0.0,0.0,0.0,"Mitre",0.0,37570.86256,26185
0.134831,0.58427,0.0,"Mitta Mitta",0.280899,24883.81534,26187
0.059227,0.654471,0.528362,"Moe",0.286302,23645.22769,26189
0.188636,0.468182,0.710046,"Moe South",0.343182,36382.51291,26191
0.37037,0.259259,0.0,"Moggs Creek",0.37037,34259.3282,26193
0.164706,0.461176,0.77381,"Monbulk - Bal",0.374118,34345.34208,26195
0.080537,0.560403,0.633333,"Moolap - Bal",0.35906,28001.81847,26197
0.090909,0.623377,0.0,"Moonambel",0.285714,19507.94787,26199
0.0,0.0,0.0,"Moondarra",0.0,22016.68602,26201
0.196356,0.524291,0.773092,"Moorooduc",0.279352,36722.45293,26203
0.082883,0.640119,0.676463,"Mooroopna",0.276998,31581.5581,26205
0.173502,0.460568,0.785714,"Moriac",0.365931,39320.19889,26207
0.198758,0.52795,0.787879,"Mornington - Bal",0.273292,34788.44388,26209
0.115479,0.640049,0.679755,"Mortlake",0.244472,31519.17175,26211
0.070211,0.648079,0.549524,"Morwell",0.28171,25360.38984,26213
0.162037,0.555556,0.664352,"Mount Beauty",0.282407,28192.04147,26215
0.208054,0.449664,0.785714,"Mount Buller",0.342282,42086.59123,26217
0.149533,0.523364,0.0,"Mount Bute",0.327103,27034.16232,26219
0.063694,0.605096,0.0,"Mount Camel",0.33121,23407.89536,26221
0.061947,0.713864,0.586006,"Mount Cottrell",0.224189,24163.69913,26223
0.225,0.435714,0.781139,"Mount Duneed",0.339286,40131.73033,26225
0.138756,0.5311,0.0,"Mount Eccles",0.330144,32763.79655,26227
0.139269,0.56621,0.643021,"Mount Egerton",0.294521,34481.15347,26229
0.307296,0.409727,0.75829,"Mount Helen",0.282977,41077.29542,26231
0.332305,0.394033,0.714727,"Mount Macedon",0.273663,47185.98552,26233
0.216667,0.446667,0.792079,"Mount Martha - Bal",0.336667,43968.14485,26235
0.129754,0.530201,0.751693,"Mount Taylor",0.340045,32423.30354,26237
0.113793,0.558621,0.758741,"Moyhu",0.327586,28639.75474,26239
0.14497,0.514793,0.727811,"Moyston",0.340237,33771.91622,26241
0.165329,0.521669,0.677316,"Muckleford",0.313002,28515.51247,26243
0.172093,0.502326,0.78733,"Mudgegonga",0.325581,32343.56452,26245
0.064748,0.76259,0.0,"Mumbannar",0.172662,37992.33057,26247
0.081564,0.668156,0.576027,"Murchison",0.250279,29597.14346,26249
0.08658,0.593074,0.731915,"Murrabit",0.320346,27937.30806,26251
0.0,0.0,0.0,"Murray-Sunset",0.0,0.0,26253
0.097143,0.588571,0.0,"Murraydale",0.314286,33995.91069,26255
0.085366,0.727642,0.0,"Murrayville",0.186992,26068.53481,26257
0.112051,0.634249,0.630802,"Murtoa",0.2537,25597.33956,26259
0.189655,0.568966,0.0,"Musk",0.241379,27855.2039,26261
0.153846,0.56044,0.680147,"Myers Flat - Bal",0.285714,29700.59259,26263
0.128,0.544,0.0,"Myrniong",0.328,34481.15347,26265
0.2,0.533333,0.0,"Myrrhee",0.266667,28915.71594,26267
0.091875,0.633125,0.66354,"Myrtleford",0.275,30005.80313,26269
0.054545,0.727273,0.0,"Mysia",0.218182,21514.93839,26271
0.111842,0.552632,0.0,"Mystic Park",0.335526,23647.36582,26273
0.068588,0.624254,0.673248,"Nagambie",0.307157,29726.07818,26275
0.051502,0.643777,0.740586,"Nalangil",0.304721,29041.15284,26277
0.063492,0.656085,0.0,"Nambrok",0.280423,34830.54858,26279
0.081967,0.688525,0.0,"Nandaly",0.229508,24692.67338,26281
0.025316,0.742616,0.0,"Nangiloc",0.232068,30865.68968,26283
0.076655,0.641115,0.769231,"Nanneella",0.28223,32302.51244,26285
0.195876,0.453608,0.717884,"Napoleons",0.350515,30439.46591,26287
0.10582,0.594356,0.742908,"Nar Nar Goon",0.299824,35195.92378,26289
0.14897,0.524564,0.725397,"Nar Nar Goon North",0.326466,38506.55409,26291
0.126582,0.56962,0.0,"Narbethong",0.303797,20583.12136,26293
0.114943,0.597701,0.0,"Nareen",0.287356,36467.01777,26295
0.045455,0.651515,0.0,"Nariel Valley",0.30303,27335.2109,26297
0.155556,0.539683,0.726688,"Narracan",0.304762,30646.74526,26299
0.122449,0.581633,0.0,"Narrawong",0.295918,45982.51401,26301
0.182796,0.516129,0.718861,"Narre Warren East - Bal",0.301075,41943.23477,26303
0.168103,0.573276,0.753247,"Narre Warren North - Bal",0.258621,38000.93196,26305
0.1,0.6,0.647676,"Nathalia",0.3,30089.24789,26307
0.188725,0.534314,0.73399,"Natimuk",0.276961,33013.89435,26309
0.054945,0.648352,0.0,"Natte Yallock",0.296703,22443.1715,26311
0.091954,0.597701,0.0,"Navarre",0.310345,24023.67654,26313
0.290155,0.46114,0.742105,"Navigators",0.248705,33891.37994,26315
0.181818,0.578512,0.0,"Neerim Junction",0.239669,23441.00187,26317
0.151807,0.510843,0.729892,"Neerim South",0.337349,31488.27287,26319
0.069106,0.662602,0.670683,"Neilborough",0.268293,29041.15284,26321
0.094595,0.608108,0.0,"Nelson",0.297297,28886.76896,26323
0.113095,0.541667,0.0,"Nerrena",0.345238,29569.30824,26325
0.199157,0.406744,0.779894,"New Gisborne",0.394099,43562.31956,26327
0.073912,0.569997,0.616948,"Newborough",0.356091,29318.43443,26329
0.115385,0.584615,0.0,"Newbridge",0.3,24346.22859,26331
0.250737,0.474926,0.776119,"Newham",0.274336,42878.82433,26333
0.158163,0.515306,0.626263,"Newhaven",0.326531,32453.03673,26335
0.100418,0.543933,0.0,"Newlands Arm",0.355649,19906.39451,26337
0.101604,0.631016,0.0,"Newmerella",0.26738,27211.24972,26339
0.164,0.54,0.662745,"Newstead",0.296,26618.9229,26341
0.112104,0.620634,0.770545,"Nhill",0.267262,31128.00631,26343
0.119192,0.513131,0.767677,"Nichols Point",0.367677,33715.97223,26345
0.120192,0.520433,0.700483,"Nicholson",0.359375,30436.54566,26347
0.081818,0.618182,0.0,"Nilma",0.3,32302.51244,26349
0.152074,0.516129,0.769585,"Nilma North",0.331797,36842.51922,26351
0.062069,0.751724,0.835714,"Nirranda South",0.186207,36773.96926,26353
0.135714,0.528571,0.0,"Noojee",0.335714,29292.02666,26355
0.15748,0.527559,0.0,"Noorat",0.314961,41769.69799,26357
0.126214,0.640777,0.0,"Noorinbee",0.23301,21632.99665,26359
0.21547,0.469613,0.0,"Norong",0.314917,39076.10545,26361
0.142857,0.521905,0.735238,"North Wangaratta",0.335238,33276.95915,26363
0.395631,0.322816,0.743902,"North Warrandyte - Bal",0.281553,56317.97857,26365
0.074807,0.640585,0.647009,"North Wonthaggi",0.284609,27371.43666,26367
0.094595,0.621622,0.0,"Nowa Nowa",0.283784,19056.375,26369
0.089744,0.673077,0.808442,"Nullawarre",0.237179,35829.50314,26371
0.065421,0.672897,0.0,"Nullawil",0.261682,21884.64717,26373
0.090625,0.6125,0.689485,"Numurkah",0.296875,31098.6791,26375
0.09417,0.609865,0.623894,"Nungurner",0.295964,22701.99986,26377
0.051546,0.680412,0.0,"Nurcoung",0.268041,31549.891,26379
0.15942,0.550725,0.0,"Nurrabiel",0.289855,34560.37678,26381
0.051576,0.687679,0.660057,"Nyah",0.260745,27322.83904,26383
0.012397,0.764463,0.532258,"Nyah West",0.22314,22117.03555,26385
0.081747,0.606943,0.715556,"Nyora",0.31131,33453.58053,26387
0.230679,0.435988,0.736931,"Ocean Grove",0.333333,38147.04163,26389
0.137313,0.525373,0.766021,"Officer - Bal",0.337313,39936.24425,26391
0.363158,0.357895,0.77957,"Olinda - Bal",0.278947,36065.61967,26393
0.0,0.0,0.0,"Ombersley",0.0,32553.38626,26395
0.109804,0.576471,0.74031,"Omeo",0.313725,29601.92961,26397
0.084951,0.66343,0.569243,"Orbost",0.251618,22324.90242,26399
0.108571,0.637143,0.6875,"Orrvale",0.254286,31279.71919,26401
0.084548,0.661808,0.75549,"Ouyen",0.253644,29369.88405,26403
0.166667,0.552083,0.0,"Ovens",0.28125,35139.31635,26405
0.135802,0.518519,0.0,"Oxley",0.345679,29877.39889,26407
0.088179,0.595936,0.712528,"Pakenham",0.315884,36506.90827,26409
0.182093,0.486922,0.762525,"Pakenham Upper",0.330986,41295.51468,26411
0.09375,0.629464,0.762332,"Panmure",0.276786,34970.89757,26413
0.276596,0.393617,0.777908,"Panton Hill - Bal",0.329787,43640.39035,26415
0.063158,0.763158,0.0,"Patchewollock",0.173684,22807.90344,26417
0.16092,0.597701,0.0,"Patyah",0.241379,31248.84242,26419
0.125535,0.534237,0.59614,"Paynesville",0.340228,28617.45484,26421
0.087275,0.578255,0.749148,"Pearcedale",0.334471,35974.94239,26423
0.196429,0.607143,0.0,"Peechelba East",0.196429,35062.12441,26425
0.092308,0.653846,0.684615,"Penshurst",0.253846,29743.59953,26427
0.093897,0.605634,0.817308,"Pental Island",0.300469,31946.00755,26429
0.104478,0.597015,0.0,"Percydale",0.298507,30797.26955,26431
0.102804,0.457944,0.0,"Peterborough",0.439252,38917.65883,26433
0.091623,0.706806,0.683246,"Piangil",0.201571,31519.17175,26435
0.0978,0.625917,0.743842,"Picola",0.276284,26567.74903,26437
0.095745,0.606383,0.82199,"Pimpinio",0.297872,32302.51244,26439
0.064935,0.649351,0.0,"Pine Grove East",0.285714,25925.03598,26441
0.163636,0.587879,0.0,"Pine Lodge",0.248485,31979.96039,26443
0.063348,0.751131,0.0,"Pioneer Bay",0.18552,22518.43365,26445
0.209375,0.514062,0.689274,"Plenty - Bal",0.276562,45315.22816,26447
0.151515,0.616162,0.669643,"Point Cook - Bal",0.232323,43728.67439,26449
0.298343,0.353591,0.0,"Point Leo",0.348066,44223.06501,26451
0.270851,0.409286,0.659776,"Point Lonsdale",0.319862,36912.31879,26453
0.155779,0.477387,0.0,"Pomonal",0.366834,29012.48155,26455
0.0,0.752577,0.0,"Poolaijelo",0.247423,26030.66706,26457
0.141176,0.611765,0.0,"Pootilla",0.247059,31248.84242,26459
0.086957,0.649068,0.758621,"Poowong",0.263975,30361.54134,26461
0.266667,0.425641,0.0,"Porcupine Ridge",0.307692,25399.89861,26463
0.125275,0.536264,0.718341,"Porepunkah",0.338462,29484.55773,26465
0.091549,0.619718,0.0,"Port Albert",0.288732,26502.90013,26467
0.155556,0.552778,0.773371,"Port Campbell",0.291667,38502.67959,26469
0.202742,0.492785,0.7,"Port Fairy",0.304473,31846.37823,26471
0.132353,0.691176,0.0,"Port Franklin",0.176471,27265.73815,26473
0.0,0.741176,0.0,"Port Welshpool",0.258824,23378.57244,26475
0.11931,0.595862,0.502755,"Portarlington",0.284828,23879.99426,26477
0.100061,0.618429,0.674376,"Portland",0.28151,32782.16238,26479
0.085185,0.625926,0.707865,"Portland North",0.288889,33152.24633,26481
0.143478,0.534783,0.790393,"Portland West",0.321739,40718.1886,26483
0.043478,0.678261,0.0,"Powelltown",0.278261,25856.14615,26485
0.129707,0.564854,0.0,"Princetown",0.305439,31139.37021,26487
0.138354,0.527145,0.776014,"Puckapunyal",0.334501,53202.23104,26489
0.053846,0.676923,0.644788,"Purnim",0.269231,33739.3352,26491
0.09116,0.607735,0.0,"Pyalong",0.301105,28539.40521,26493
0.083893,0.671141,0.692308,"Pyramid Hill",0.244966,28163.09449,26495
0.060606,0.662338,0.0,"Quambatook",0.277056,24809.02066,26497
0.163569,0.509294,0.0,"Quantong",0.327138,32287.75516,26499
0.2851,0.431232,0.659058,"Queenscliff",0.283668,35013.41105,26501
0.071672,0.662116,0.589655,"Raglan",0.266212,25392.07917,26503
0.124242,0.669697,0.626506,"Rainbow",0.206061,24705.29596,26505
0.019277,0.910843,0.0,"Ravenhall",0.06988,20049.83531,26507
0.234973,0.409836,0.0,"Ravenswood",0.355191,37966.97911,26509
0.277108,0.361446,0.0,"Ravenswood South",0.361446,31461.3473,26511
0.102564,0.647436,0.0,"Rawson",0.25,25608.14274,26513
0.166667,0.478632,0.0,"Raymond Island",0.354701,23310.66675,26515
0.078947,0.611842,0.0,"Raywood",0.309211,26030.66706,26517
0.081633,0.679548,0.691808,"Red Cliffs",0.238819,29589.78345,26519
0.268072,0.453313,0.711916,"Red Hill",0.278614,36964.27214,26521
0.299742,0.452196,0.71875,"Red Hill South",0.248062,44202.06773,26523
0.096257,0.604278,0.0,"Red Lion",0.299465,20818.96587,26525
0.127072,0.569061,0.0,"Redesdale",0.303867,24915.67233,26527
0.038961,0.688312,0.0,"Rheola",0.272727,27034.16232,26529
0.14094,0.503356,0.0,"Rhyll",0.355705,28343.06918,26531
0.19375,0.448958,0.774194,"Riddells Creek",0.357292,42232.84965,26533
0.099237,0.59542,0.813953,"Ripplebrook",0.305344,34912.66767,26535
0.076781,0.778908,0.59462,"Robinvale",0.144311,27363.03892,26537
0.070866,0.750656,0.671053,"Robinvale Irrigation District Section B",0.178478,33852.02718,26539
0.057762,0.776173,0.75,"Robinvale Irrigation District Section C",0.166065,32474.16295,26541
0.086207,0.755747,0.714706,"Robinvale Irrigation District Section E",0.158046,30227.10179,26543
0.083987,0.639418,0.649554,"Rochester",0.276596,30880.89415,26545
0.091684,0.656716,0.652542,"Rochester West",0.251599,33459.5275,26547
0.044929,0.744544,0.561608,"Rockbank",0.210526,28005.28677,26549
0.0625,0.659722,0.0,"Rokewood",0.277778,27211.24972,26551
0.128741,0.538745,0.714928,"Romsey",0.332513,37378.91883,26553
0.086538,0.576923,0.0,"Rosebud West - Bal",0.336538,28128.88442,26555
0.056581,0.639606,0.613861,"Rosedale",0.303813,30132.5455,26557
0.11315,0.587156,0.683386,"Ross Creek",0.299694,33862.82519,26559
0.191489,0.531915,0.0,"Ruffy",0.276596,28037.65758,26561
0.086806,0.642361,0.656357,"Rupanyup",0.270833,26339.43483,26563
0.088665,0.66362,0.612375,"Rushworth",0.247715,24329.82764,26565
0.141912,0.560294,0.700811,"Rutherglen",0.297794,34568.17596,26567
0.13957,0.544263,0.678305,"Sale",0.316166,33292.04352,26569
0.076923,0.666667,0.0,"Salisbury West",0.25641,21560.55181,26571
0.120155,0.560078,0.584139,"San Remo",0.319767,28997.52261,26573
0.100592,0.656805,0.0,"Sandford",0.242604,22518.43365,26575
0.256684,0.475936,0.0,"Sandon",0.26738,30245.34716,26577
0.151786,0.616071,0.0,"Sandy Point",0.232143,27894.30112,26579
0.095238,0.610644,0.611268,"Sarsfield",0.294118,25428.56991,26581
0.130841,0.457944,0.0,"Sawmill Settlement",0.411215,33847.36699,26583
0.10111,0.602959,0.597052,"Scarsdale",0.295931,25581.5503,26585
0.115385,0.636364,0.648464,"Sea Lake",0.248252,24525.42417,26587
0.0,0.67,0.0,"Seaspray",0.33,21244.76659,26589
0.316633,0.378758,0.74645,"Sedgwick",0.304609,39590.09083,26591
0.226744,0.462209,0.736232,"Selby - Bal",0.311047,39770.83294,26593
0.118557,0.587629,0.0,"Serpentine",0.293814,33409.30868,26595
0.098039,0.666667,0.835897,"Serviceton",0.235294,35244.57809,26597
0.10303,0.52381,0.765165,"Seville - Bal",0.37316,35341.9452,26599
0.085227,0.542614,0.774648,"Seville East",0.372159,33781.80287,26601
0.075483,0.657517,0.638629,"Seymour",0.266999,30516.23604,26603
0.087912,0.571429,0.0,"Sheep Hills",0.340659,37707.70282,26605
0.121622,0.559846,0.718447,"Shelbourne",0.318533,30368.35625,26607
0.128198,0.620279,0.672327,"Shepparton",0.251523,32337.212,26609
0.071756,0.699237,0.721884,"Shepparton East",0.229008,31953.73665,26611
0.163265,0.517007,0.0,"Shepparton North",0.319728,33518.28555,26613
0.0,0.0,0.0,"Sherbrooke - Bal",0.0,0.0,26615
0.146293,0.721443,0.297405,"Shoreham",0.132265,41484.49408,26617
0.128347,0.574331,0.750929,"Silvan - Bal",0.297322,33700.23798,26619
0.170213,0.446809,0.0,"Silverleaves",0.382979,33389.63231,26621
0.046083,0.663594,0.830664,"Simpson",0.290323,36913.64383,26623
0.2,0.433333,0.0,"Skenes Creek",0.366667,28192.04147,26625
0.115727,0.623145,0.629851,"Skipton",0.261128,21150.03102,26627
0.128205,0.544872,0.0,"Smeaton",0.326923,32854.43483,26629
0.280303,0.424242,0.0,"Smiths Beach",0.295455,32400.68046,26631
0.169742,0.532595,0.730627,"Smythes Creek",0.297663,33813.87421,26633
0.068493,0.633562,0.623729,"Smythesdale",0.297945,24834.19194,26635
0.111324,0.644914,0.54049,"Snake Valley",0.243762,25861.65733,26637
0.106383,0.575988,0.75643,"Somerville - Bal",0.317629,35707.93819,26639
0.068966,0.666667,0.513966,"South Dudley",0.264368,23765.6349,26641
0.208,0.48,0.0,"Spring Hill",0.312,31800.76481,26643
0.15625,0.583333,0.0,"Springbank",0.260417,31413.05073,26645
0.102564,0.582418,0.768657,"Springhurst",0.315018,31024.80627,26647
0.203046,0.461929,0.0,"Springmount",0.335025,36495.68907,26649
0.262125,0.393764,0.749137,"St Andrews",0.344111,40225.56366,26651
0.197248,0.451835,0.692661,"St Andrews Beach",0.350917,35760.76035,26653
0.072386,0.695264,0.650624,"St Arnaud",0.23235,26847.67205,26655
0.075472,0.646226,0.0,"St Arnaud East",0.278302,23712.24698,26657
0.164384,0.575342,0.0,"St Arnaud North",0.260274,26476.66496,26659
0.108827,0.610641,0.466747,"St Leonards",0.280532,24071.08577,26661
0.246753,0.350649,0.0,"Staghorn Flat",0.402597,36734.61651,26663
0.08,0.674545,0.704505,"Stanhope",0.245455,28356.52524,26665
0.246341,0.419512,0.712895,"Stanley",0.334146,34145.8896,26667
0.088149,0.618348,0.667974,"Stawell",0.293503,29864.12515,26669
0.234568,0.425926,0.0,"Stonehaven",0.339506,43759.08333,26671
0.096774,0.612903,0.679245,"Stradbroke",0.290323,31248.84242,26673
0.102857,0.566667,0.663188,"Stratford",0.330476,29628.30433,26675
0.120141,0.526502,0.0,"Strath Creek",0.353357,29910.84874,26677
0.148148,0.592593,0.0,"Strathbogie",0.259259,21765.8122,26679
0.12069,0.66092,0.0,"Strathdownie",0.218391,33518.28555,26681
0.062241,0.709544,0.665298,"Strathmerton",0.228216,30512.94589,26683
0.110599,0.585253,0.0,"Streatham",0.304147,26281.54088,26685
0.165517,0.57931,0.0,"Stuart Mill",0.255172,23548.33668,26687
0.090909,0.576923,0.66323,"Sugarloaf Creek",0.332168,31382.64179,26689
0.132769,0.537368,0.750197,"Sunbury",0.329864,41170.02617,26691
0.245455,0.454545,0.0,"Sunderland Bay",0.3,38741.60703,26693
0.101351,0.527027,0.0,"Sunset Strip",0.371622,26819.12762,26695
0.143478,0.443478,0.0,"Surf Beach",0.413043,28963.9609,26697
0.204225,0.549296,0.0,"Sutherlands Creek",0.246479,37871.91114,26699
0.115154,0.608848,0.706782,"Swan Hill",0.275998,31703.92294,26701
0.102041,0.553061,0.631148,"Swan Reach",0.344898,24571.03759,26703
0.179837,0.504087,0.731302,"Swanpool",0.316076,29779.01701,26705
0.134615,0.551282,0.0,"Swifts Creek",0.314103,26107.859,26707
0.203166,0.551451,0.0,"Taggerty",0.245383,31085.30986,26709
0.07716,0.62037,0.507599,"Talbot",0.302469,20100.17458,26711
0.186441,0.525424,0.0,"Talgarno",0.288136,33807.75533,26713
0.112963,0.52963,0.711359,"Tallangatta",0.357407,32442.38014,26715
0.097561,0.585366,0.0,"Tallangatta Valley",0.317073,22733.46835,26717
0.154545,0.511364,0.720824,"Tallarook",0.334091,33400.59947,26719
0.118863,0.599483,0.821244,"Tallygaroopna",0.281654,33236.48845,26721
0.077586,0.525862,0.776316,"Tangambalanga",0.396552,39320.19889,26723
0.115942,0.594203,0.0,"Tanjil Bren",0.289855,33055.13389,26725
0.131783,0.49031,0.733591,"Tanjil South",0.377907,33931.60443,26727
0.181034,0.482759,0.0,"Taradale",0.336207,27786.78377,26729
0.1,0.644444,0.0,"Tarnagulla",0.255556,17250.08353,26731
0.189189,0.477477,0.814815,"Tarneit - Bal",0.333333,47247.424,26733
0.133333,0.65,0.0,"Tarranyurk",0.216667,18755.32642,26735
0.196141,0.427653,0.0,"Tarrawingee",0.376206,30655.47131,26737
0.194175,0.504854,0.0,"Tarrington",0.300971,33602.49494,26739
0.044776,0.567164,0.0,"Tarwin Lower",0.38806,29336.29851,26741
0.172932,0.473684,0.0,"Tatong",0.353383,28861.95726,26743
0.12783,0.622281,0.685029,"Tatura",0.249889,32532.65288,26745
0.171254,0.495413,0.713396,"Tawonga",0.333333,28074.14832,26747
0.242485,0.426854,0.684739,"Tawonga South",0.330661,33612.63125,26749
0.0,0.0,0.0,"Taylor Bay",0.0,52408.25677,26751
0.118467,0.592334,0.718277,"Teesdale",0.289199,34624.7034,26753
0.07483,0.707483,0.0,"Tenby Point",0.217687,24023.67654,26755
0.099907,0.618114,0.734827,"Terang",0.281979,31513.8804,26757
0.117188,0.613281,0.783465,"Tesbury",0.269531,37707.70282,26759
0.08805,0.710692,0.507692,"The Gurdies",0.201258,29068.27434,26761
0.29,0.42,0.0,"The Patch - Bal",0.29,41226.45244,26763
0.078431,0.588235,0.0,"The Settlement",0.333333,30191.50107,26765
0.119048,0.698413,0.0,"The Sisters",0.18254,36818.24111,26767
0.123636,0.574545,0.696429,"Thoona",0.301818,30398.8229,26769
0.128713,0.584158,0.0,"Thornton",0.287129,31173.58027,26771
0.099585,0.655602,0.672199,"Thorpdale",0.244813,24668.78064,26773
0.040541,0.608108,0.0,"Thowgla Valley",0.351351,25696.16864,26775
0.131868,0.613815,0.755906,"Timboon",0.254317,34809.06908,26777
0.120536,0.607143,0.771689,"Timmering",0.272321,34317.59567,26779
0.10728,0.551724,0.777778,"Tinamba",0.340996,31271.14231,26781
0.108333,0.533333,0.0,"Tintaldra",0.358333,28037.65758,26783
0.172515,0.540936,0.716814,"Tolmie",0.28655,32051.63863,26785
0.069532,0.671302,0.697085,"Tongala",0.259166,27258.82544,26787
0.159236,0.464968,0.0,"Tonimbuk",0.375796,37434.0223,26789
0.115607,0.630058,0.0,"Tooborac",0.254335,25428.56991,26791
0.130165,0.61157,0.772074,"Toolamba",0.258264,35027.52112,26793
0.155512,0.482283,0.728516,"Toolangi",0.362205,36237.64743,26795
0.113636,0.556061,0.711009,"Toolern Vale",0.330303,34746.74018,26797
0.111111,0.640523,0.0,"Toolleen",0.248366,23772.80273,26799
0.083333,0.614583,0.0,"Toolondo",0.302083,33055.13389,26801
0.126,0.546,0.723658,"Toongabbie",0.328,34845.15246,26803
0.083333,0.632716,0.62037,"Toora",0.283951,25845.81267,26805
0.185185,0.453704,0.0,"Toora North",0.361111,21592.13033,26807
0.059084,0.629247,0.650442,"Tooradin",0.311669,31798.32914,26809
0.055556,0.648148,0.0,"Toorloo Arm",0.296296,22518.43365,26811
0.238468,0.42676,0.721922,"Torquay",0.334772,39126.70185,26813
0.099379,0.583851,0.0,"Torrumbarry",0.31677,29314.83337,26815
0.0,0.0,0.0,"Tower Hill",0.0,0.0,26817
0.12426,0.591716,0.0,"Towong",0.284024,29152.65232,26819
0.133236,0.534407,0.721528,"Trafalgar",0.332357,35070.85045,26821
0.082915,0.59799,0.70398,"Trafalgar East",0.319095,33885.61272,26823
0.175439,0.605263,0.0,"Trafalgar South",0.219298,34233.15006,26825
0.07563,0.579832,0.0,"Tragowel",0.344538,26030.66706,26827
0.132947,0.559127,0.67183,"Traralgon",0.307925,35871.88494,26829
0.159116,0.478453,0.756906,"Traralgon East",0.362431,44695.67891,26831
0.184524,0.363095,0.0,"Traralgon South",0.452381,44211.64002,26833
0.15873,0.52381,0.0,"Trawalla",0.31746,32138.89908,26835
0.069444,0.722222,0.0,"Traynors Lagoon",0.208333,25876.28318,26837
0.190291,0.518447,0.0,"Trentham",0.291262,26937.04988,26839
0.079755,0.641104,0.729231,"Tresco",0.279141,26502.90013,26841
0.0,1.0,0.0,"Truganina - Bal",0.0,0.0,26843
0.063158,0.678947,0.666667,"Tungamah",0.257895,24703.46365,26845
0.09375,0.6875,0.0,"Turriff",0.21875,23421.57938,26847
0.153543,0.507874,0.752964,"Tyers",0.338583,38353.58886,26849
0.15,0.53,0.72,"Tylden",0.32,36506.17856,26851
0.066667,0.654545,0.0,"Tynong",0.278788,36688.4788,26853
0.13245,0.529801,0.0,"Tyrendarra",0.337748,40641.55806,26855
0.054795,0.643836,0.0,"Ultima",0.30137,28897.79638,26857
0.065868,0.721557,0.729167,"Undera",0.212575,28037.65758,26859
0.028302,0.764151,0.0,"Underbool",0.207547,25794.55053,26861
0.178571,0.428571,0.0,"Upper Gundowring",0.392857,29041.15284,26863
0.174061,0.556314,0.698305,"Upper Plenty",0.269625,33915.27268,26865
0.179775,0.488764,0.587571,"Ventnor",0.331461,27900.19248,26867
0.103943,0.569892,0.441948,"Venus Bay",0.326165,16987.54117,26869
0.0,0.0,0.0,"Victoria Point",0.0,0.0,26871
0.122807,0.508772,0.0,"Victoria Valley",0.368421,29850.42322,26873
0.084416,0.662338,0.783871,"Vinifera",0.253247,30599.21127,26875
0.143145,0.534274,0.694611,"Violet Town",0.322581,27565.42452,26877
0.1125,0.65,0.0,"Vite Vite North",0.2375,29041.15284,26879
0.042308,0.619231,0.847656,"Waaia",0.338462,31048.14336,26881
0.096552,0.655172,0.0,"Waggarandall",0.248276,26030.66706,26883
0.078431,0.570806,0.720264,"Wahgunyah",0.350763,35888.53227,26885
0.081633,0.632653,0.0,"Wahring",0.285714,30044.6481,26887
0.129032,0.564516,0.0,"Waitchie",0.306452,29259.30399,26889
0.107843,0.617647,0.0,"Wal Wal",0.27451,26699.6639,26891
0.183767,0.477795,0.807044,"Waldara",0.338438,41031.36941,26893
0.194631,0.530201,0.0,"Walkerville",0.275168,30459.88752,26895
0.056995,0.678756,0.0,"Wallacedale",0.264249,33657.23104,26897
0.094072,0.601169,0.714087,"Wallan",0.304759,38372.27872,26899
0.114943,0.689655,0.0,"Wallinduc",0.195402,26604.09292,26901
0.215926,0.436447,0.733436,"Wallington",0.347626,39518.82395,26903
0.046875,0.703125,0.0,"Wallup",0.25,21939.49408,26905
0.179221,0.433766,0.727749,"Walmer",0.387013,29195.53673,26907
0.163636,0.527273,0.0,"Walpeup",0.309091,25528.91943,26909
0.138365,0.572327,0.0,"Walwa",0.289308,29041.15284,26911
0.092593,0.58642,0.0,"Wandella",0.320988,24815.90964,26913
0.155844,0.519481,0.0,"Wandiligong",0.324675,30887.58412,26915
0.081301,0.674797,0.0,"Wandin East - Bal",0.243902,39678.20261,26917
0.205047,0.488959,0.820755,"Wandin North - Bal",0.305994,41135.91151,26919
0.135227,0.540909,0.739229,"Wandong",0.323864,35445.81377,26921
0.1256,0.57052,0.707884,"Wangaratta",0.30388,31667.26801,26923
0.159509,0.542945,0.712074,"Wangaratta South",0.297546,35411.16624,26925
0.144928,0.589372,0.0,"Wangoom",0.2657,37305.23146,26927
0.17023,0.527138,0.601151,"Warburton",0.302632,26398.1442,26929
0.118182,0.645455,0.0,"Wargan",0.236364,32453.03673,26931
0.059375,0.621875,0.579114,"Warneet",0.31875,35928.77941,26933
0.093098,0.625201,0.661576,"Warracknabeal",0.281701,27922.50239,26935
0.181594,0.49614,0.710404,"Warragul",0.322267,35145.6725,26937
0.24359,0.487179,0.764331,"Warrandyte - Bal",0.269231,51649.31078,26939
0.25,0.461538,0.826087,"Warrandyte South - Bal",0.288462,62771.54193,26941
0.09465,0.55144,0.695833,"Warrenheip",0.353909,31764.92569,26943
0.066007,0.686469,0.719595,"Warrion",0.247525,28402.56495,26945
0.162789,0.546055,0.712965,"Warrnambool",0.291156,33747.66255,26947
0.085526,0.611842,0.825806,"Warrong",0.302632,40669.89204,26949
0.06087,0.721739,0.0,"Watchem",0.217391,17844.25836,26951
0.05042,0.714286,0.0,"Waterford Park",0.235294,36065.61967,26953
0.115152,0.581818,0.0,"Wattle Bank",0.30303,27410.47305,26955
0.3125,0.361111,0.0,"Wattle Glen - Bal",0.326389,49612.80569,26957
0.070513,0.695513,0.0,"Waubra",0.233974,25528.91943,26959
0.290503,0.363128,0.72549,"Waurn Ponds - Bal",0.346369,38600.76559,26961
0.077047,0.675762,0.494346,"Wedderburn",0.247191,20588.63507,26963
0.074866,0.695187,0.0,"Weerite",0.229947,29569.30824,26965
0.16763,0.491329,0.0,"Welshmans Reef",0.34104,24499.0164,26967
0.072289,0.698795,0.0,"Welshpool",0.228916,22088.36425,26969
0.101344,0.641158,0.725673,"Werribee South",0.257497,34085.03692,26971
0.170732,0.695122,0.0,"Werrimull",0.134146,24571.03759,26973
0.090062,0.636646,0.690402,"Wesburn",0.273292,32163.1381,26975
0.135593,0.570621,0.0,"West Creek",0.293785,29581.49645,26977
0.128423,0.528006,0.740514,"West Wodonga",0.343572,38557.99648,26979
0.187793,0.544601,0.692308,"Whanregarwen",0.267606,38305.98118,26981
0.093093,0.575075,0.748494,"Wharparilla",0.331832,33294.90709,26983
0.24186,0.446512,0.0,"Wheatsheaf",0.311628,25104.36374,26985
0.167235,0.484642,0.754209,"Whiteheads Creek",0.348123,37002.21524,26987
0.16568,0.573964,0.0,"Whitfield",0.260355,27368.66074,26989
0.09942,0.542668,0.722498,"Whittlesea",0.357912,37783.55992,26991
0.124105,0.577566,0.740385,"Whorouly",0.298329,34710.90107,26993
0.176101,0.528302,0.0,"Wickliffe",0.295597,43233.44296,26995
0.116279,0.596899,0.0,"Wilby",0.286822,32051.63863,26997
0.157754,0.532086,0.717742,"Wildwood",0.31016,40646.79368,26999
0.105263,0.62753,0.0,"Willaura",0.267206,25313.88473,27001
0.186047,0.581395,0.0,"Willow Grove",0.232558,36339.30019,27003
0.104478,0.548507,0.788104,"Willowmavin",0.347015,34058.62915,27005
0.15122,0.507317,0.743961,"Wimbledon Heights",0.341463,32394.29554,27007
0.089322,0.612936,0.632444,"Winchelsea",0.297741,27824.14795,27009
0.26506,0.39759,0.0,"Winchelsea South",0.337349,42755.58807,27011
0.130709,0.536523,0.704265,"Wodonga",0.332768,35230.21527,27013
0.066667,0.707692,0.648515,"Wollert",0.225641,30936.64389,27015
0.15,0.592857,0.725926,"Won Wron",0.257143,30232.80347,27017
0.296774,0.389247,0.75,"Wonga Park - Bal",0.313978,52078.84191,27019
0.097684,0.603223,0.59597,"Wonthaggi",0.299094,25587.56526,27021
0.239365,0.458136,0.722709,"Woodend",0.302498,38581.34595,27023
0.215054,0.483871,0.0,"Woodend North",0.301075,38646.03605,27025
0.0,0.678571,0.0,"Woods Point",0.321429,17250.08353,27027
0.099415,0.561404,0.0,"Woodside",0.339181,35431.83319,27029
0.16129,0.464516,0.685065,"Woodvale",0.374194,31933.58036,27031
0.192118,0.53202,0.0,"Woolamai",0.275862,30981.24368,27033
0.123684,0.571053,0.780105,"Woolsthorpe",0.305263,33389.63231,27035
0.033333,0.788889,0.0,"Woomelang",0.177778,18813.22038,27037
0.246377,0.369565,0.0,"Wooragee",0.384058,31992.60949,27039
0.065693,0.593895,0.704907,"Woori Yallock",0.340411,32216.49856,27041
0.101833,0.574338,0.811475,"Woorinen",0.323829,30840.80963,27043
0.016949,0.694915,0.0,"Woorinen South",0.288136,28840.45379,27045
0.122378,0.566434,0.841549,"Woorndoo",0.311189,32595.90724,27047
0.083333,0.583333,0.0,"Wuk Wuk",0.333333,20072.41395,27049
0.030075,0.616541,0.686567,"Wunghnu",0.353383,28886.76896,27051
0.049351,0.651948,0.624352,"Wurruk",0.298701,29161.57227,27053
0.143713,0.52994,0.735471,"Wy Yung",0.326347,34252.07402,27055
0.111959,0.666667,0.693095,"Wycheproof",0.221374,27107.5888,27057
0.046875,0.78125,0.0,"Wychitella",0.171875,20110.04502,27059
0.32,0.38,0.0,"Wye River",0.3,35764.57109,27061
0.034884,0.709302,0.0,"Wyndham Vale - Bal",0.255814,30044.6481,27063
0.276074,0.379492,0.768357,"Yackandandah",0.344435,37834.01691,27065
0.04878,0.747967,0.0,"Yalca",0.203252,28037.65758,27067
0.130081,0.414634,0.787402,"Yallourn",0.455285,43591.83412,27069
0.046667,0.610667,0.618351,"Yallourn North",0.342667,26842.00366,27071
0.085526,0.641447,0.0,"Yambuk",0.273026,30887.58412,27073
0.117647,0.784314,0.0,"Yanac",0.098039,33657.23104,27075
0.090909,0.558442,0.0,"Yanakie",0.350649,30044.6481,27077
0.253112,0.46888,0.0,"Yandoit",0.278008,24935.94496,27079
0.143836,0.547945,0.0,"Yarck",0.308219,30044.6481,27081
0.150068,0.525921,0.751023,"Yarra Glen",0.324011,37623.28395,27083
0.098528,0.531144,0.684032,"Yarra Junction",0.370328,29060.08672,27085
0.12776,0.55205,0.7056,"Yarragon",0.320189,28872.42355,27087
0.178571,0.543651,0.743083,"Yarragon South",0.277778,39897.14703,27089
0.095975,0.640867,0.646329,"Yarram",0.263158,26226.47101,27091
0.218072,0.460241,0.776173,"Yarrambat",0.321687,43122.45731,27093
0.116788,0.569343,0.0,"Yarrawalla",0.313869,31015.77255,27095
0.099515,0.603675,0.667361,"Yarrawonga",0.29681,30703.78604,27097
0.075075,0.632132,0.745068,"Yarroweyah",0.292793,33814.78918,27099
0.162383,0.544393,0.675958,"Yea",0.293224,30003.68911,27101
0.185185,0.462963,0.0,"Yellingbo",0.351852,32151.98815,27103
0.126582,0.594937,0.0,"Yelta",0.278481,32051.63863,27105
0.14717,0.471698,0.0,"Yeodene",0.381132,38308.72672,27107
0.141509,0.487421,0.71885,"Yinnar",0.371069,33971.36869,27109
0.165644,0.495399,0.737984,"Yinnar South",0.338957,41995.36439,27111
0.227513,0.428571,0.0,"Yulecart",0.343915,33055.13389,27113
0.0,0.0,0.0,"Unclassified Vic.",0.0,78212.42062,29999
